{"status":"ok","count":6,"pages":1,"category":{"id":151,"slug":"store","title":"Store","description":"","parent":0,"post_count":2},"posts":[{"title":"Fat Loss Fast 1","url":"https://drsarasolomon-com.dpdcart.com/cart/add?product_id=73621&method_id=76324", "attachments":[{"url":"img/1.png"}]},{"title":"Fat Loss Fast 2","url":"https://drsarasolomon-com.dpdcart.com/cart/add?product_id=91316&method_id=95575", "attachments":[{"url":"img/2.png"}]},{"title":"Fat Loss Fast 3","url":"https://drsarasolomon-com.dpdcart.com/cart/add?product_id=91322&method_id=95582", "attachments":[{"url":"img/3.png"}]},{"title":"Fat Loss Bundle Book 2 & 3","url":"https://drsarasolomon-com.dpdcart.com/cart/add?product_id=91477&method_id=95761", "attachments":[{"url":"img/123.jpg"}]},{"title":"Fat Loss Bundle 1 & 2 (Get 3rd FREE)","url":"https://drsarasolomon-com.dpdcart.com/cart/add?product_id=91338&method_id=95598", "attachments":[{"url":"img/123.jpg"}]},{"title":"OMG Quest Nutrition Book","url":"https://drsarasolomon-com.dpdcart.com/cart/add?product_id=74355&method_id=77123", "attachments":[{"url":"img/quest.jpeg"}]},{"title":"IF Tutorial Vol 1","url":"https://drsarasolomon-com.dpdcart.com/cart/add?product_id=77405&method_id=80412", "attachments":[{"url":"img/if1.png"}]},{"title":"IF Tutorial Vol 2","url":"https://drsarasolomon-com.dpdcart.com/cart/add?product_id=86074&method_id=89808", "attachments":[{"url":"img/if2.png"}]},{"title":"Eat it All - Pumpkin Recipes","url":"https://drsarasolomon-com.dpdcart.com/cart/add?product_id=71718&method_id=74199", "attachments":[{"url":"img/eat.png"}]},{"id":10303,"type":"post","slug":"liquid-grip","url":"http://www.bodybuilding.com/store/liquid-grip/liquid-grip.html?clickid=wXtTwcXyt09ryTlxT3wF9UP5UkQS1IVRzWnZz00&irpid=58948","status":"publish","title":"Liquid Grip","title_plain":"Liquid Grip","content":"<h2><span style=\"color: #0000ff;\">Get a Grip!<\/span><\/h2>\n<div id=\"attachment_10306\" style=\"width: 314px\" class=\"wp-caption aligncenter\"><a href=\"http:\/\/bit.ly\/1aGt5HX\"><img class=\" wp-image-10306\" title=\"Liquid Grips\" alt=\"Liquid Grip 1\" src=\"http:\/\/www.drsarasolomon.com\/wp-content\/uploads\/2013\/08\/Liquid-Grip-1.png\" width=\"304\" height=\"291\" \/><\/a><p class=\"wp-caption-text\">Click for more information about Liquid Grips!<\/p><\/div>\n<p style=\"text-align: justify;\">I wish I had these when I was a gymnast! I would have enjoyed the uneven bars so much more!<\/p>\n<p style=\"text-align: justify;\"><a href=\"http:\/\/bit.ly\/1aGt5HX\" target=\"_blank\">Liquid Grip<\/a> is a liquid gripping agent. It&#8217;s much better than chalk because it&#8217;s<\/p>\n<ul style=\"text-align: justify;\">\n<li><span style=\"line-height: 13px;\">not messy<\/span><\/li>\n<li>stays on<\/li>\n<li>dry grip<\/li>\n<li>prevents blisters<\/li>\n<li>heat &amp; sweat activated<\/li>\n<\/ul>\n<p style=\"text-align: justify;\">Great for weight lifting, gymnastics, pole dancing, rock climbing, baseball and more! One application will last for your entire training session. Don&#8217;t worry, it won&#8217;t get on your clothes or on your equipment. Wash it off your hands with soap and water.<\/p>\n<h2 style=\"text-align: justify;\"><span style=\"color: #0000ff;\">Get your Grips!<\/span><\/h2>\n<p><a href=\"http:\/\/bit.ly\/1aGt5HX\" target=\"_blank\">Liquid Grips<\/a> are available NOW at <a href=\"http:\/\/bit.ly\/1aGt5HX\" target=\"_blank\">Bodybuilding.com<\/a>! Click <a href=\"http:\/\/bit.ly\/1aGt5HX\" target=\"_blank\">HERE<\/a> to get yours!<\/p>\n<div id=\"attachment_10304\" style=\"width: 309px\" class=\"wp-caption aligncenter\"><a href=\"http:\/\/bit.ly\/1aGt5HX\"><img class=\" wp-image-10304 \" title=\"Liquid Grips\" alt=\"Click for more information about Liquid Grips!\" src=\"http:\/\/www.drsarasolomon.com\/wp-content\/uploads\/2013\/08\/liquid-grip-2.jpg\" width=\"299\" height=\"409\" \/><\/a><p class=\"wp-caption-text\">Click for more information about Liquid Grips!<\/p><\/div>\n<h2><span style=\"color: #0000ff;\">Video Review:<\/span><\/h2>\n<div class=\"myvideotag\" style=\"width: 560px;\"><iframe width=\"560\" height=\"315\" src=\"http:\/\/www.youtube.com\/embed\/q3eKUdfSxN0\" frameborder=\"0\" allowfullscreen><\/iframe><\/div>\n","excerpt":"<p>Get a Grip! I wish I had these when I was a gymnast! I would have enjoyed the uneven bars so much more! Liquid Grip is a liquid gripping agent. It&#8217;s much better than chalk because it&#8217;s not messy stays on dry grip prevents blisters heat &amp; sweat activated Great for weight lifting, gymnastics, pole [&hellip;]<\/p>\n","date":"2013-08-26 01:08:11","modified":"2014-04-03 23:51:47","categories":[{"id":9,"slug":"blog","title":"Blog","description":"","parent":0,"post_count":397},{"id":125,"slug":"home-gym-equipment","title":"Home Gym Equipment","description":"","parent":151,"post_count":1},{"id":6,"slug":"all-videos","title":"Videos","description":"","parent":144,"post_count":107}],"tags":[],"author":{"id":3,"slug":"sarasolomon","name":"Dr. Sara Solomon","first_name":"Sara","last_name":"Solomon","nickname":"Dr. Sara Solomon","url":"http:\/\/www.drsarasolomon.com","description":"Dr. Solomon is a practicing dentist (DMD) in Toronto, Canada, and holds a B.Sc in Physiotherapy. This certified personal trainer, spinning instructor, professional fitness model and cover girl is known around the world for <a href=\"http:\/\/www.drsarasolomon.com\/biography\">[read more]<\/a>"},"comments":[],"attachments":[{"id":10304,"url":"http:\/\/www.drsarasolomon.com\/wp-content\/uploads\/2013\/08\/liquid-grip-2.jpg","slug":"liquid-grip-2","title":"liquid grip 2","description":"","caption":"Click for more information about Liquid Grips!","parent":10303,"mime_type":"image\/jpeg","images":{"full":{"url":"http:\/\/www.drsarasolomon.com\/wp-content\/uploads\/2013\/08\/liquid-grip-2.jpg","width":498,"height":681},"thumbnail":{"url":"http:\/\/www.drsarasolomon.com\/wp-content\/uploads\/2013\/08\/liquid-grip-2-150x150.jpg","width":150,"height":150},"medium":{"url":"http:\/\/www.drsarasolomon.com\/wp-content\/uploads\/2013\/08\/liquid-grip-2.jpg","width":498,"height":681},"large":{"url":"http:\/\/www.drsarasolomon.com\/wp-content\/uploads\/2013\/08\/liquid-grip-2.jpg","width":498,"height":681},"home-bottom":{"url":"http:\/\/www.drsarasolomon.com\/wp-content\/uploads\/2013\/08\/liquid-grip-2-280x150.jpg","width":280,"height":150},"slider":{"url":"http:\/\/www.drsarasolomon.com\/wp-content\/uploads\/2013\/08\/liquid-grip-2-498x250.jpg","width":498,"height":250},"square":{"url":"http:\/\/www.drsarasolomon.com\/wp-content\/uploads\/2013\/08\/liquid-grip-2-120x120.jpg","width":120,"height":120},"tabs":{"url":"http:\/\/www.drsarasolomon.com\/wp-content\/uploads\/2013\/08\/liquid-grip-2-498x250.jpg","width":498,"height":250}}},{"id":10305,"url":"http:\/\/www.drsarasolomon.com\/wp-content\/uploads\/2013\/08\/liquid-grip-3.jpg","slug":"liquid-grip-3","title":"liquid grip 3","description":"","caption":"","parent":10303,"mime_type":"image\/jpeg","images":{"full":{"url":"http:\/\/www.drsarasolomon.com\/wp-content\/uploads\/2013\/08\/liquid-grip-3.jpg","width":480,"height":640},"thumbnail":{"url":"http:\/\/www.drsarasolomon.com\/wp-content\/uploads\/2013\/08\/liquid-grip-3-150x150.jpg","width":150,"height":150},"medium":{"url":"http:\/\/www.drsarasolomon.com\/wp-content\/uploads\/2013\/08\/liquid-grip-3.jpg","width":480,"height":640},"large":{"url":"http:\/\/www.drsarasolomon.com\/wp-content\/uploads\/2013\/08\/liquid-grip-3.jpg","width":480,"height":640},"home-bottom":{"url":"http:\/\/www.drsarasolomon.com\/wp-content\/uploads\/2013\/08\/liquid-grip-3-280x150.jpg","width":280,"height":150},"slider":{"url":"http:\/\/www.drsarasolomon.com\/wp-content\/uploads\/2013\/08\/liquid-grip-3-480x250.jpg","width":480,"height":250},"square":{"url":"http:\/\/www.drsarasolomon.com\/wp-content\/uploads\/2013\/08\/liquid-grip-3-120x120.jpg","width":120,"height":120},"tabs":{"url":"http:\/\/www.drsarasolomon.com\/wp-content\/uploads\/2013\/08\/liquid-grip-3-480x250.jpg","width":480,"height":250}}},{"id":10306,"url":"http:\/\/www.drsarasolomon.com\/wp-content\/uploads\/2013\/08\/Liquid-Grip-1.png","slug":"liquid-grip-1","title":"Liquid Grip 1","description":"","caption":"","parent":10303,"mime_type":"image\/png","images":{"full":{"url":"http:\/\/www.drsarasolomon.com\/wp-content\/uploads\/2013\/08\/Liquid-Grip-1.png","width":507,"height":485},"thumbnail":{"url":"http:\/\/www.drsarasolomon.com\/wp-content\/uploads\/2013\/08\/Liquid-Grip-1-150x150.png","width":150,"height":150},"medium":{"url":"http:\/\/www.drsarasolomon.com\/wp-content\/uploads\/2013\/08\/Liquid-Grip-1.png","width":507,"height":485},"large":{"url":"http:\/\/www.drsarasolomon.com\/wp-content\/uploads\/2013\/08\/Liquid-Grip-1.png","width":507,"height":485},"home-bottom":{"url":"http:\/\/www.drsarasolomon.com\/wp-content\/uploads\/2013\/08\/Liquid-Grip-1-280x150.png","width":280,"height":150},"slider":{"url":"http:\/\/www.drsarasolomon.com\/wp-content\/uploads\/2013\/08\/Liquid-Grip-1-507x250.png","width":507,"height":250},"square":{"url":"http:\/\/www.drsarasolomon.com\/wp-content\/uploads\/2013\/08\/Liquid-Grip-1-120x120.png","width":120,"height":120},"tabs":{"url":"http:\/\/www.drsarasolomon.com\/wp-content\/uploads\/2013\/08\/Liquid-Grip-1-507x250.png","width":507,"height":250}}}],"comment_count":0,"comment_status":"open","thumbnail":"http:\/\/www.drsarasolomon.com\/wp-content\/uploads\/2013\/08\/Liquid-Grip-1-150x150.png","custom_fields":{},"thumbnail_size":"thumbnail","thumbnail_images":{"full":{"url":"http:\/\/www.drsarasolomon.com\/wp-content\/uploads\/2013\/08\/Liquid-Grip-1.png","width":507,"height":485},"thumbnail":{"url":"http:\/\/www.drsarasolomon.com\/wp-content\/uploads\/2013\/08\/Liquid-Grip-1-150x150.png","width":150,"height":150},"medium":{"url":"http:\/\/www.drsarasolomon.com\/wp-content\/uploads\/2013\/08\/Liquid-Grip-1.png","width":507,"height":485},"large":{"url":"http:\/\/www.drsarasolomon.com\/wp-content\/uploads\/2013\/08\/Liquid-Grip-1.png","width":507,"height":485},"home-bottom":{"url":"http:\/\/www.drsarasolomon.com\/wp-content\/uploads\/2013\/08\/Liquid-Grip-1-280x150.png","width":280,"height":150},"slider":{"url":"http:\/\/www.drsarasolomon.com\/wp-content\/uploads\/2013\/08\/Liquid-Grip-1-507x250.png","width":507,"height":250},"square":{"url":"http:\/\/www.drsarasolomon.com\/wp-content\/uploads\/2013\/08\/Liquid-Grip-1-120x120.png","width":120,"height":120},"tabs":{"url":"http:\/\/www.drsarasolomon.com\/wp-content\/uploads\/2013\/08\/Liquid-Grip-1-507x250.png","width":507,"height":250}}},{"id":8908,"type":"post","slug":"quest-nutritions-protein-peanut-butter-cups","url":"http://www.bodybuilding.com/store/quest-nutrition/quest-cravings.html?clickid=wXtTwcXyt09ryTlxT3wF9UP5UkQS1N0FzWnZz00&irpid=58948","status":"publish","title":"Quest Nutrition&#8217;s Protein Peanut Butter Cups","title_plain":"Quest Nutrition&#8217;s Protein Peanut Butter Cups","content":"<h2><span style=\"color: #ff0000;\">25% OFF at Bodybuilding.com!<\/span><\/h2>\n<p style=\"text-align: justify;\">REJOICE because Quest Nutrition&#8217;s Protein Peanut Butter Cups are officially <a href=\"http:\/\/bodybuilding.7eer.net\/c\/58948\/76783\/2023?u=http:\/\/www.bodybuilding.com\/store\/quest-nutrition\/quest-cravings.html\" target=\"_blank\">ON SALE at Bodybuilding.com<\/a> for 25% OFF! Or buy a box of 12 for 16% OFF!<\/p>\n<p style=\"text-align: justify;\">These little bad boys taste like candy &#8211; except they aren&#8217;t! Unlike candy, which is high in sugar and low in protein, Quest&#8217;s Peanut Butter Cups are the exact opposite!<\/p>\n<p style=\"text-align: justify;\">So have a daily <a href=\"http:\/\/bodybuilding.7eer.net\/c\/58948\/76783\/2023?u=http:\/\/www.bodybuilding.com\/store\/quest-nutrition\/quest-cravings.html\" target=\"_blank\">Quest Cravings Protein Peanut Butter Cup <\/a>without compromising your fat loss, muscle gain or healthy lifestyle goals!<\/p>\n<ul>\n<li style=\"text-align: justify;\">20g protein<\/li>\n<li>no soy protein<\/li>\n<li>gluten free<\/li>\n<li>low carb &#8211; only 4 g <a href=\"http:\/\/www.drsarasolomon.com\/fiber-facts-and-net-carbs\/\" target=\"_blank\">NET CARBS<\/a> (from nuts, not sugar!) Perfect for diabetics &amp; dieters.<\/li>\n<li>no sugar used<\/li>\n<\/ul>\n<p><a href=\"http:\/\/bodybuilding.7eer.net\/c\/58948\/76783\/2023?u=http:\/\/www.bodybuilding.com\/store\/quest-nutrition\/quest-cravings.html\"><\/p>\n<p style=\"text-align: center;\"><img class=\"aligncenter size-full wp-image-9472\" alt=\"quest protein pb cups\" src=\"http:\/\/www.drsarasolomon.com\/wp-content\/uploads\/2013\/06\/quest-protein-pb-cups.jpeg\" width=\"300\" height=\"250\" \/><\/p>\n<p><\/a><\/p>\n<p style=\"text-align: justify;\">Enter the FREE GIVEAWAY below for your chance to win a box of Quest Cravings Protein Peanut Butter Cups, courtesy of DrSaraSolomon.com and Bodybuilding.com!<\/p>\n<h2 style=\"text-align: justify;\"><span style=\"color: #ff0000;\">Product Information:<\/span><\/h2>\n<p style=\"text-align: center;\"><a href=\"http:\/\/bodybuilding.7eer.net\/c\/58948\/76783\/2023?u=http:\/\/www.bodybuilding.com\/store\/quest-nutrition\/quest-cravings.html\"><img class=\"aligncenter  wp-image-8910\" title=\"Quest Cravings Protein Peanut Butter Cups\" alt=\"Quest Cravings Protein Peanut Butter Cups\" src=\"http:\/\/www.drsarasolomon.com\/wp-content\/uploads\/2013\/04\/quest-cravings-poster.jpg\" width=\"564\" height=\"667\" \/><\/a><\/p>\n<h2 style=\"text-align: justify;\"><span style=\"color: #ff0000;\">Enter the Free Giveaway! CONTEST CLOSED! <\/span><\/h2>\n<h2 style=\"text-align: justify;\"><span style=\"color: #ff0000;\">Thank you to everyone who participated! I loved the captions! <\/span><\/h2>\n<h2 style=\"text-align: justify;\"><span style=\"color: #ff0000;\">Please check my website regularly for more contests!<\/span><\/h2>\n<p style=\"text-align: justify;\">Win a box of <a href=\"http:\/\/bodybuilding.7eer.net\/c\/58948\/76783\/2023?u=http:\/\/www.bodybuilding.com\/store\/quest-nutrition\/quest-cravings.html\" target=\"_blank\">Quest Cravings Protein Peanut Butter Cups<\/a>, courtesy of DrSaraSolomon.com and Bodybuilding.com!<\/p>\n<p style=\"text-align: justify;\">BEST PHOTO CAPTION: Take a look at my photo. I&#8217;m a peanut butter cup monster! <strong>Enter by writing a clever photo caption in the comments section below<\/strong>. Make sure you mention <em>Quest Cravings Protein Peanut Butter Cups<\/em> in your caption!<\/p>\n<ul>\n<li style=\"text-align: justify;\">Best photo caption wins!<\/li>\n<li style=\"text-align: justify;\">Contest is global (<a href=\"http:\/\/bodybuilding.7eer.net\/c\/58948\/76783\/2023?u=http:\/\/www.bodybuilding.com\/store\/\" target=\"_blank\">Bodybuilding.com<\/a> ships all over the world!)<\/li>\n<li style=\"text-align: justify;\">Contest runs from Thursday April 25, 2013 until midnight EST Saturday April 27, 2013.<\/li>\n<li style=\"text-align: justify;\">I will email the winner and post the winner&#8217;s name right here: <em>Tim Borland: &#8220;Quest Cravings Protein Peanut Buter Cups are just the thing when you are craving something sweet to eat and live the Bodybuilding.com lifestyle&#8230;eye candy for sure!&#8221;<\/em><\/li>\n<li style=\"text-align: justify;\">Winner will receive a box containing 12 packages of Quest Protein Peanut Butter Cups in the mail (that&#8217;s 24 PB cups), shipped from Bodybuilding.com!<\/li>\n<li style=\"text-align: justify;\">Good Luck!<\/li>\n<\/ul>\n<p style=\"text-align: center;\"><a href=\"http:\/\/bodybuilding.7eer.net\/c\/58948\/76783\/2023?u=http:\/\/www.bodybuilding.com\/store\/quest-nutrition\/quest-cravings.html\"><img class=\"aligncenter size-full wp-image-8912\" alt=\"Quest Cravings Giveaway Contest\" src=\"http:\/\/www.drsarasolomon.com\/wp-content\/uploads\/2013\/04\/quest-sara.jpg\" width=\"383\" height=\"424\" \/><\/a><\/p>\n<h2><span style=\"color: #ff0000;\">Also Recommended:<\/span><\/h2>\n<div id=\"attachment_8914\" style=\"width: 294px\" class=\"wp-caption aligncenter\"><a href=\"http:\/\/www.drsarasolomon.com\/protein-peanut-butter-cup-fluff\/\"><img class=\" wp-image-8914 \" title=\"Quest Peanut Butter Cup Fluff\" alt=\"Quest Peanut Butter Cup Fluff\" src=\"http:\/\/www.drsarasolomon.com\/wp-content\/uploads\/2013\/04\/black_wallpaper_by_wodino-d4apbn9.jpg\" width=\"284\" height=\"275\" \/><\/a><p class=\"wp-caption-text\">Try my Recipe for Quest Peanut Butter Cup Fluff<\/p><\/div>\n<ol>\n<li><a href=\"ttp:\/\/bodybuilding.7eer.net\/c\/58948\/76783\/2023?u=http:\/\/www.bodybuilding.com\/store\/quest\/quest-bars.html\" target=\"_blank\">Quest Nutrition Bars!\u00a0<\/a>\u00a0These are ridiculously good! I confess I eat one a day! (except when I eat 2 a day! shhhh!)<\/li>\n<li>My <a title=\"What is Lo Han Guo?\" href=\"http:\/\/www.drsarasolomon.com\/what-is-lo-han-guo\/\" target=\"_blank\">Lo Han Guo article<\/a> (this natural sweetener is featured in Quest Products)<\/li>\n<li>My recipe for <a href=\"http:\/\/www.drsarasolomon.com\/protein-peanut-butter-cup-fluff\/\" target=\"_blank\">Quest Peanut Butter Cup Fluff!<\/a><\/li>\n<\/ol>\n<div id=\"attachment_8814\" style=\"width: 595px\" class=\"wp-caption aligncenter\"><a href=\"ttp:\/\/bodybuilding.7eer.net\/c\/58948\/76783\/2023?u=http:\/\/www.bodybuilding.com\/store\/quest\/quest-bars.html\"><img class=\" wp-image-8814  \" title=\"Quest Bars\" alt=\"Quest Bars\" src=\"http:\/\/www.drsarasolomon.com\/wp-content\/uploads\/2013\/04\/quest-bar.jpg\" width=\"585\" height=\"71\" \/><\/a><p class=\"wp-caption-text\">Click to Buy Now from Bodybuilding.com<\/p><\/div>\n<p>&nbsp;<\/p>\n","excerpt":"<p>25% OFF at Bodybuilding.com! REJOICE because Quest Nutrition&#8217;s Protein Peanut Butter Cups are officially ON SALE at Bodybuilding.com for 25% OFF! Or buy a box of 12 for 16% OFF! These little bad boys taste like candy &#8211; except they aren&#8217;t! Unlike candy, which is high in sugar and low in protein, Quest&#8217;s Peanut Butter [&hellip;]<\/p>\n","date":"2013-04-25 14:03:59","modified":"2013-08-01 15:11:08","categories":[{"id":9,"slug":"blog","title":"Blog","description":"","parent":0,"post_count":397},{"id":153,"slug":"vitamins-supplements","title":"Workout Supplements","description":"","parent":151,"post_count":3}],"tags":[],"author":{"id":3,"slug":"sarasolomon","name":"Dr. Sara Solomon","first_name":"Sara","last_name":"Solomon","nickname":"Dr. Sara Solomon","url":"http://bodybuilding.7eer.net/c/58948/76783/2023?u=http://www.bodybuilding.com/store/commerce/specials.jsp?page=0%20http://bit.ly/XNDdY2","description":"Dr. Solomon is a practicing dentist (DMD) in Toronto, Canada, and holds a B.Sc in Physiotherapy. This certified personal trainer, spinning instructor, professional fitness model and cover girl is known around the world for <a href=\"http:\/\/www.drsarasolomon.com\/biography\">[read more]<\/a>"},"comments":[{"id":8582,"name":"Corey Grace","url":"","date":"2013-04-25 14:32:54","content":"<p>corrected email address:<br \/>\nI have my eye on the prize and will devour you sweet little Quest Cravings Protein Peanut Butter Cups<\/p>\n","parent":0},{"id":8583,"name":"Brian Mora","url":"https:\/\/facebook.com\/thisisbrianmora","date":"2013-04-25 14:33:27","content":"<p>Quest Protein Peanut Butter Cups&#8230;Easy on your mouth&#8230;AND your waistline.<\/p>\n","parent":0},{"id":8584,"name":"Danielle","url":"","date":"2013-04-25 14:41:08","content":"<p>&#8220;Sometimes me think what is love,and then me think love is what last Quest Craving PB Cup is for. Me give up the last PB Cup  for you.&#8221;  hehehe<\/p>\n","parent":0},{"id":8585,"name":"Maria","url":"","date":"2013-04-25 14:42:03","content":"<p>I dare you to snag my Quest Cravings Protein Peanut Butter Cups&#8230;no one comes between me and the only existing better choice PB cups!!!<\/p>\n","parent":0},{"id":8586,"name":"Gina","url":"","date":"2013-04-25 14:53:14","content":"<p>Love at first bite !<\/p>\n","parent":0},{"id":8587,"name":"Shaik moyeenuddin","url":"","date":"2013-04-25 15:02:15","content":"<p>Sara &amp; quest cravings protien peanut butter cup are yummy and tasty, try out both and drive yourself to fitness world.<\/p>\n","parent":0},{"id":8589,"name":"Cory Black","url":"","date":"2013-04-25 15:16:11","content":"<p>Cleopatra&#8217;s new jewels of the Nile. (Those Eyes are hypnotic!)<\/p>\n","parent":0},{"id":8591,"name":"Jane","url":"","date":"2013-04-25 15:52:35","content":"<p>An unbelievably delicious way of keeping my(your) eyes on the prize !<\/p>\n","parent":0},{"id":8592,"name":"Vashti M","url":"","date":"2013-04-25 16:26:13","content":"<p>I only have eyes for Quest Cravings Protein Peanut Butter Cups<\/p>\n","parent":0},{"id":8593,"name":"Megan","url":"https:\/\/www.facebook.com\/InspireLingeFitness","date":"2013-04-25 16:33:22","content":"<p>Bodybuilding, crave-fulfilling, I&#8217;m on a Quest to have the BEST!<\/p>\n","parent":0},{"id":8595,"name":"Gina Boyd","url":"","date":"2013-04-25 17:34:51","content":"<p>My eyes are up here, now stop staring at my Quest Cravings Protein Peanut Butter Cups.<\/p>\n","parent":0},{"id":8597,"name":"Riane Carey","url":"","date":"2013-04-25 17:51:24","content":"<p>I spy with my little eye Quest Cravings PB Cups..a deliciously sweet treat that will fix your cravings! <\/p>\n","parent":0},{"id":8598,"name":"Katie Borchardt","url":"","date":"2013-04-25 18:10:15","content":"<p>Your abs won&#8217;t have to be green with envy when you indulge in Quest Cravings Protein Peanut Butter Cups &#8211; all the taste, none of the junk!<\/p>\n","parent":0},{"id":8599,"name":"Megan McKibben","url":"","date":"2013-04-25 19:06:35","content":"<p>Thanks to Quest, the dynamic duo of peanut butter and chocolate is now ab friendly.<\/p>\n","parent":0},{"id":8600,"name":"Kristen","url":"","date":"2013-04-25 19:30:29","content":"<p>You can see the Quest with your eyes&#8230;but can you taste it with your mouth? <img src=\"http:\/\/www.drsarasolomon.com\/wp-includes\/images\/smilies\/icon_wink.gif\" alt=\";)\" class=\"wp-smiley\" \/> <\/p>\n","parent":0},{"id":8602,"name":"Jori","url":"","date":"2013-04-25 21:04:26","content":"<p>My Quest is to claw my way through this package of Quest Cravings Protein Peanut Butter Cups and lick off all the chocolate until I reach the peanut butter center.  I won&#8217;t feel one ounce of guilt!<\/p>\n","parent":0},{"id":8604,"name":"Lisa V.","url":"","date":"2013-04-25 21:36:50","content":"<p>Quest peanut butter cups are love at first site.<\/p>\n","parent":0},{"id":8612,"name":"sarasolomon","url":"http:\/\/www.drsarasolomon.com","date":"2013-04-26 01:58:50","content":"<p>Hmmm&#8230; surprised to see you on my site after your negative review about my ebook. <img src=\"http:\/\/www.drsarasolomon.com\/wp-includes\/images\/smilies\/icon_smile.gif\" alt=\":)\" class=\"wp-smiley\" \/>  Glad you still find my content somewhat useful <img src=\"http:\/\/www.drsarasolomon.com\/wp-includes\/images\/smilies\/icon_smile.gif\" alt=\":)\" class=\"wp-smiley\" \/> <\/p>\n","parent":8595,"author":{"id":3,"slug":"sarasolomon","name":"Dr. Sara Solomon","first_name":"Sara","last_name":"Solomon","nickname":"Dr. Sara Solomon","url":"http:\/\/www.drsarasolomon.com","description":"Dr. Solomon is a practicing dentist (DMD) in Toronto, Canada, and holds a B.Sc in Physiotherapy. This certified personal trainer, spinning instructor, professional fitness model and cover girl is known around the world for <a href=\"http:\/\/www.drsarasolomon.com\/biography\">[read more]<\/a>"}},{"id":8614,"name":"Anna","url":"","date":"2013-04-26 02:32:04","content":"<p>&#8220;I thought the quest was already over but then I found my craving! Shh..I&#8217;m warning  you, once you&#8217;ve tried Quest Cravings Protein Peanut Butter Cups you&#8217;ll make sure your Quest never ends!&#8221;<\/p>\n","parent":0},{"id":8615,"name":"Michelle Lin","url":"https:\/\/www.facebook.com\/CutLikeDiamondzzz","date":"2013-04-26 03:09:59","content":"<p>Allow yourself to indulge your cravings with Quest Peanut Butter Cups- enjoy the great taste without adding inches to your waist!<\/p>\n","parent":0},{"id":8626,"name":"Melissa","url":"","date":"2013-04-26 11:16:32","content":"<p>My QUEST to take over the world&#8230;. One muscle building bite at a time!<\/p>\n","parent":0},{"id":8631,"name":"Ian Geda","url":"","date":"2013-04-26 15:43:10","content":"<p>I was about to marry him but I told him my eyes were set on another :  Quest Cravings Protein Peanut Butter Cups and we&#8217;ve been happy ever since.<\/p>\n","parent":0},{"id":8632,"name":"Christina","url":"http:\/\/twitter.com\/xtinazajic","date":"2013-04-26 15:44:53","content":"<p>DrSaraSolomon says, &#8220;Look me in the eyes and tell me you are dying to try the sweet, savory, satisfying taste of Quest Cravings Protein Peanut Butter Cups. Liar.\u201d<\/p>\n","parent":0},{"id":8633,"name":"kristina robinson","url":"","date":"2013-04-26 15:57:25","content":"<p>I conquer my goals and smash my cravings with, Quest Cravings Protein Peanut Butter Cups!<\/p>\n","parent":0},{"id":8634,"name":"Wendy Wishon","url":"","date":"2013-04-26 16:10:42","content":"<p>Quest Cravings&#8211;Never lose focus<\/p>\n","parent":0},{"id":8635,"name":"Sara","url":"","date":"2013-04-26 16:14:56","content":"<p>Sweet Surrender: Quest Cravings Protein Peanut Butter Cups<\/p>\n","parent":0},{"id":8636,"name":"Kim","url":"","date":"2013-04-26 16:20:26","content":"<p>May eye ReQuest you satisfy my sweet Cravings with your divinely delectable protein peanut butter cups <img src=\"http:\/\/www.drsarasolomon.com\/wp-includes\/images\/smilies\/icon_wink.gif\" alt=\";-)\" class=\"wp-smiley\" \/> <\/p>\n","parent":0},{"id":8637,"name":"Becky","url":"","date":"2013-04-26 16:37:33","content":"<p>Is it what i think it is?..Quest Cravings Protein Peanut Butter Cups!!!<\/p>\n","parent":0},{"id":8638,"name":"Gayla","url":"","date":"2013-04-26 16:39:50","content":"<p>These eyes don&#8217;t lie! Yes you Can have a Quest Cravings Protein Peanut Butter cup  And stay  lean,clean ,, and a machine  ! Im proof.<\/p>\n","parent":0},{"id":8640,"name":"kaitlin","url":"","date":"2013-04-26 17:11:49","content":"<p>Seeking a heathy muscle building snack to satisfy your tummy monster?? Let Quest Pennut Butter Cups help you conquor the monster inside you!<\/p>\n","parent":0},{"id":8642,"name":"Benji Wilson","url":"","date":"2013-04-26 17:35:55","content":"<p>Eye love Quest Cravings Protein Peanut Butter Cups!<\/p>\n","parent":0},{"id":8643,"name":"Cassandra Case","url":"","date":"2013-04-26 18:47:23","content":"<p>By accepting this quest, you accept your right to indulge.<\/p>\n","parent":0},{"id":8653,"name":"Arturo","url":"","date":"2013-04-27 07:30:28","content":"<p>It just doesn&#8217;t get any better than this<\/p>\n","parent":0},{"id":8656,"name":"Sherrie","url":"","date":"2013-04-27 10:19:52","content":"<p>Nothing like a Quest Cravings Protein Peanut Butter Cup to open your eyes to healthy indulgence.<\/p>\n","parent":0},{"id":8658,"name":"tim borland","url":"","date":"2013-04-27 10:47:53","content":"<p>Quest Cravings Protein Peanut Butter Cups are just the thing when you are craving something sweet to eat and live the Bodybuilding.com lifestyle&#8230;.eye candy for sure!<\/p>\n","parent":0},{"id":8659,"name":"Sonjia shaw","url":"","date":"2013-04-27 10:54:51","content":"<p>EYE love Quest Peanut butter cups it&#8217;s the craze that ends my crave! Get yours at Bodybuilding.com<\/p>\n","parent":0},{"id":8660,"name":"Sonjia shaw","url":"","date":"2013-04-27 11:00:55","content":"<p>When Eye have a crazy crave, I go nuts over Quest Peanut butter cups and can still look sexy after eating them! Bodybuilding.com for yours<\/p>\n","parent":0},{"id":8661,"name":"Swasti Shukla","url":"","date":"2013-04-27 11:29:22","content":"<p>Reunited and it feels so gooooood <img src=\"http:\/\/www.drsarasolomon.com\/wp-includes\/images\/smilies\/icon_razz.gif\" alt=\":P\" class=\"wp-smiley\" \/> <\/p>\n","parent":0},{"id":8662,"name":"Heather Harshman","url":"","date":"2013-04-27 11:36:47","content":"<p>Now this is what REAL eye candy looks like! Get some Quest Cravings Peanut Butter Cups to satisfy that &#8220;sweets&#8221; Monster that will surely rear it&#8217;s ugly head so you can stay on your healthy track!<\/p>\n","parent":0},{"id":8663,"name":"Cheryl Tatlow","url":"http:\/\/Facebook","date":"2013-04-27 11:38:33","content":"<p>Quest&#8230; you are my knight in shining armour&#8230;. for your awesome nutrition and taste.. my savior when I feel weak to resist temptation&#8230; my comfort when I am sad or bored.  I Heart you!  &lt;3<\/p>\n","parent":0},{"id":8668,"name":"Meredith Lang","url":"","date":"2013-04-27 16:08:36","content":"<p>This fitness genie will now grant your wish for an amazing treat of peanut butter and chocolate decadence &#8230;Look into my eyes and  repeat after me&#8230;Quest Cravings Protein Peanut Butter Cups&#8230;a bodybuilder&#8217;s wish come true.<\/p>\n","parent":0},{"id":8669,"name":"Lynda","url":"","date":"2013-04-27 18:00:29","content":"<p>Quest Cravings Protein Peanut Butter Cups&#8230;&#8230;..a yummy supportive pillar support to bodybuilding and the LC lifestyle!<\/p>\n","parent":0},{"id":8670,"name":"Lynda","url":"","date":"2013-04-27 18:01:50","content":"<p>Quest Cravings Protein Peanut Butter Cups&#8230;&#8230;..a yummy supportive pillar support to bodybuilding!<\/p>\n","parent":0},{"id":8672,"name":"Kyla Lee","url":"","date":"2013-04-27 19:37:09","content":"<p>Cookie Monster clearly has never tried Quest Peanut Butter Cups! He&#8217;s missing out! The monster that goes after this treat is a healthy Hulk!<\/p>\n","parent":0},{"id":8689,"name":"sarasolomon","url":"http:\/\/www.drsarasolomon.com","date":"2013-04-28 14:54:01","content":"<p>Congrats Tim! Your photo caption was selected! I&#8217;ve sent you an email so we can get your box of Quest Protein Peanut Butter cups from Bodybuilding.com shipped to you stat!<\/p>\n","parent":8658,"author":{"id":3,"slug":"sarasolomon","name":"Dr. Sara Solomon","first_name":"Sara","last_name":"Solomon","nickname":"Dr. Sara Solomon","url":"http:\/\/www.drsarasolomon.com","description":"Dr. Solomon is a practicing dentist (DMD) in Toronto, Canada, and holds a B.Sc in Physiotherapy. This certified personal trainer, spinning instructor, professional fitness model and cover girl is known around the world for <a href=\"http:\/\/www.drsarasolomon.com\/biography\">[read more]<\/a>"}},{"id":8730,"name":"Dan","url":"http:\/\/www.domaincrawler.com\/goodfaithreview.com","date":"2013-05-01 02:40:12","content":"<p>thanks a lot for the great article! I have been browsing for things close to this.<br \/>\ni&#8217;ll be checking your Feed so i don&#8217;t miss out the good<br \/>\nthings! once again, terrific web page remember to keep it up!<\/p>\n<p>Please excuse me if my english is not good.<\/p>\n","parent":0}],"attachments":[{"id":8909,"url":"http:\/\/www.drsarasolomon.com\/wp-content\/uploads\/2013\/04\/Quest-Cravings-Peanut-Butter-Cups.jpg","slug":"quest-cravings-peanut-butter-cups","title":"Quest Cravings Peanut Butter Cups","description":"","caption":"","parent":8908,"mime_type":"image\/jpeg","images":{"full":{"url":"http:\/\/www.drsarasolomon.com\/wp-content\/uploads\/2013\/04\/Quest-Cravings-Peanut-Butter-Cups.jpg","width":403,"height":403},"thumbnail":{"url":"http:\/\/www.drsarasolomon.com\/wp-content\/uploads\/2013\/04\/Quest-Cravings-Peanut-Butter-Cups-150x150.jpg","width":150,"height":150},"medium":{"url":"http:\/\/www.drsarasolomon.com\/wp-content\/uploads\/2013\/04\/Quest-Cravings-Peanut-Butter-Cups.jpg","width":403,"height":403},"large":{"url":"http:\/\/www.drsarasolomon.com\/wp-content\/uploads\/2013\/04\/Quest-Cravings-Peanut-Butter-Cups.jpg","width":403,"height":403},"home-bottom":{"url":"http:\/\/www.drsarasolomon.com\/wp-content\/uploads\/2013\/04\/Quest-Cravings-Peanut-Butter-Cups-280x150.jpg","width":280,"height":150},"slider":{"url":"http:\/\/www.drsarasolomon.com\/wp-content\/uploads\/2013\/04\/Quest-Cravings-Peanut-Butter-Cups-403x250.jpg","width":403,"height":250},"square":{"url":"http:\/\/www.drsarasolomon.com\/wp-content\/uploads\/2013\/04\/Quest-Cravings-Peanut-Butter-Cups-120x120.jpg","width":120,"height":120},"tabs":{"url":"http:\/\/www.drsarasolomon.com\/wp-content\/uploads\/2013\/04\/Quest-Cravings-Peanut-Butter-Cups-403x250.jpg","width":403,"height":250}}},{"id":8910,"url":"http:\/\/www.drsarasolomon.com\/wp-content\/uploads\/2013\/04\/quest-cravings-poster.jpg","slug":"300-movie-backround-18","title":"Quest Cravings Protein Peanut Butter Cups","description":"","caption":"","parent":8908,"mime_type":"image\/jpeg","images":{"full":{"url":"http:\/\/www.drsarasolomon.com\/wp-content\/uploads\/2013\/04\/quest-cravings-poster.jpg","width":705,"height":834},"thumbnail":{"url":"http:\/\/www.drsarasolomon.com\/wp-content\/uploads\/2013\/04\/quest-cravings-poster-150x150.jpg","width":150,"height":150},"medium":{"url":"http:\/\/www.drsarasolomon.com\/wp-content\/uploads\/2013\/04\/quest-cravings-poster-600x709.jpg","width":600,"height":709},"home-bottom":{"url":"http:\/\/www.drsarasolomon.com\/wp-content\/uploads\/2013\/04\/quest-cravings-poster-280x150.jpg","width":280,"height":150},"slider":{"url":"http:\/\/www.drsarasolomon.com\/wp-content\/uploads\/2013\/04\/quest-cravings-poster-600x250.jpg","width":600,"height":250},"square":{"url":"http:\/\/www.drsarasolomon.com\/wp-content\/uploads\/2013\/04\/quest-cravings-poster-120x120.jpg","width":120,"height":120},"tabs":{"url":"http:\/\/www.drsarasolomon.com\/wp-content\/uploads\/2013\/04\/quest-cravings-poster-580x250.jpg","width":580,"height":250}}},{"id":8911,"url":"http:\/\/www.drsarasolomon.com\/wp-content\/uploads\/2013\/04\/Buy-Quest-Peanut-Butter-Cups.jpg","slug":"buy-quest-peanut-butter-cups","title":"Buy Quest Peanut Butter Cups","description":"","caption":"","parent":8908,"mime_type":"image\/jpeg","images":{"full":{"url":"http:\/\/www.drsarasolomon.com\/wp-content\/uploads\/2013\/04\/Buy-Quest-Peanut-Butter-Cups.jpg","width":230,"height":230},"thumbnail":{"url":"http:\/\/www.drsarasolomon.com\/wp-content\/uploads\/2013\/04\/Buy-Quest-Peanut-Butter-Cups-150x150.jpg","width":150,"height":150},"medium":{"url":"http:\/\/www.drsarasolomon.com\/wp-content\/uploads\/2013\/04\/Buy-Quest-Peanut-Butter-Cups.jpg","width":230,"height":230},"large":{"url":"http:\/\/www.drsarasolomon.com\/wp-content\/uploads\/2013\/04\/Buy-Quest-Peanut-Butter-Cups.jpg","width":230,"height":230},"home-bottom":{"url":"http:\/\/www.drsarasolomon.com\/wp-content\/uploads\/2013\/04\/Buy-Quest-Peanut-Butter-Cups-230x150.jpg","width":230,"height":150},"slider":{"url":"http:\/\/www.drsarasolomon.com\/wp-content\/uploads\/2013\/04\/Buy-Quest-Peanut-Butter-Cups.jpg","width":230,"height":230},"square":{"url":"http:\/\/www.drsarasolomon.com\/wp-content\/uploads\/2013\/04\/Buy-Quest-Peanut-Butter-Cups-120x120.jpg","width":120,"height":120},"tabs":{"url":"http:\/\/www.drsarasolomon.com\/wp-content\/uploads\/2013\/04\/Buy-Quest-Peanut-Butter-Cups.jpg","width":230,"height":230}}},{"id":8912,"url":"http:\/\/www.drsarasolomon.com\/wp-content\/uploads\/2013\/04\/quest-sara.jpg","slug":"quest-sara-3","title":"Quest Cravings Giveaway Contest","description":"","caption":"","parent":8908,"mime_type":"image\/jpeg","images":{"full":{"url":"http:\/\/www.drsarasolomon.com\/wp-content\/uploads\/2013\/04\/quest-sara.jpg","width":383,"height":424},"thumbnail":{"url":"http:\/\/www.drsarasolomon.com\/wp-content\/uploads\/2013\/04\/quest-sara-150x150.jpg","width":150,"height":150},"medium":{"url":"http:\/\/www.drsarasolomon.com\/wp-content\/uploads\/2013\/04\/quest-sara.jpg","width":383,"height":424},"large":{"url":"http:\/\/www.drsarasolomon.com\/wp-content\/uploads\/2013\/04\/quest-sara.jpg","width":383,"height":424},"home-bottom":{"url":"http:\/\/www.drsarasolomon.com\/wp-content\/uploads\/2013\/04\/quest-sara-280x150.jpg","width":280,"height":150},"slider":{"url":"http:\/\/www.drsarasolomon.com\/wp-content\/uploads\/2013\/04\/quest-sara-383x250.jpg","width":383,"height":250},"square":{"url":"http:\/\/www.drsarasolomon.com\/wp-content\/uploads\/2013\/04\/quest-sara-120x120.jpg","width":120,"height":120},"tabs":{"url":"http:\/\/www.drsarasolomon.com\/wp-content\/uploads\/2013\/04\/quest-sara-383x250.jpg","width":383,"height":250}}},{"id":8914,"url":"http:\/\/www.drsarasolomon.com\/wp-content\/uploads\/2013\/04\/black_wallpaper_by_wodino-d4apbn9.jpg","slug":"black_wallpaper_by_wodino-d4apbn9-2","title":"Quest Peanut Butter Cup Fluff","description":"","caption":"","parent":8908,"mime_type":"image\/jpeg","images":{"full":{"url":"http:\/\/www.drsarasolomon.com\/wp-content\/uploads\/2013\/04\/black_wallpaper_by_wodino-d4apbn9.jpg","width":789,"height":765},"thumbnail":{"url":"http:\/\/www.drsarasolomon.com\/wp-content\/uploads\/2013\/04\/black_wallpaper_by_wodino-d4apbn9-150x150.jpg","width":150,"height":150},"medium":{"url":"http:\/\/www.drsarasolomon.com\/wp-content\/uploads\/2013\/04\/black_wallpaper_by_wodino-d4apbn9-600x581.jpg","width":600,"height":581},"home-bottom":{"url":"http:\/\/www.drsarasolomon.com\/wp-content\/uploads\/2013\/04\/black_wallpaper_by_wodino-d4apbn9-280x150.jpg","width":280,"height":150},"slider":{"url":"http:\/\/www.drsarasolomon.com\/wp-content\/uploads\/2013\/04\/black_wallpaper_by_wodino-d4apbn9-600x250.jpg","width":600,"height":250},"square":{"url":"http:\/\/www.drsarasolomon.com\/wp-content\/uploads\/2013\/04\/black_wallpaper_by_wodino-d4apbn9-120x120.jpg","width":120,"height":120},"tabs":{"url":"http:\/\/www.drsarasolomon.com\/wp-content\/uploads\/2013\/04\/black_wallpaper_by_wodino-d4apbn9-580x250.jpg","width":580,"height":250}}}],"comment_count":46,"comment_status":"open","thumbnail":"http:\/\/www.drsarasolomon.com\/wp-content\/uploads\/2013\/04\/Quest-Cravings-Peanut-Butter-Cups-150x150.jpg","custom_fields":{},"thumbnail_size":"thumbnail","thumbnail_images":{"full":{"url":"http:\/\/www.drsarasolomon.com\/wp-content\/uploads\/2013\/04\/Quest-Cravings-Peanut-Butter-Cups.jpg","width":403,"height":403},"thumbnail":{"url":"http:\/\/www.drsarasolomon.com\/wp-content\/uploads\/2013\/04\/Quest-Cravings-Peanut-Butter-Cups-150x150.jpg","width":150,"height":150},"medium":{"url":"http:\/\/www.drsarasolomon.com\/wp-content\/uploads\/2013\/04\/Quest-Cravings-Peanut-Butter-Cups.jpg","width":403,"height":403},"large":{"url":"http:\/\/www.drsarasolomon.com\/wp-content\/uploads\/2013\/04\/Quest-Cravings-Peanut-Butter-Cups.jpg","width":403,"height":403},"home-bottom":{"url":"http:\/\/www.drsarasolomon.com\/wp-content\/uploads\/2013\/04\/Quest-Cravings-Peanut-Butter-Cups-280x150.jpg","width":280,"height":150},"slider":{"url":"http:\/\/www.drsarasolomon.com\/wp-content\/uploads\/2013\/04\/Quest-Cravings-Peanut-Butter-Cups-403x250.jpg","width":403,"height":250},"square":{"url":"http:\/\/www.drsarasolomon.com\/wp-content\/uploads\/2013\/04\/Quest-Cravings-Peanut-Butter-Cups-120x120.jpg","width":120,"height":120},"tabs":{"url":"http:\/\/www.drsarasolomon.com\/wp-content\/uploads\/2013\/04\/Quest-Cravings-Peanut-Butter-Cups-403x250.jpg","width":403,"height":250}}},{"id":7069,"type":"post","slug":"quest-nutrition-bars-review","url":"http://bodybuilding.7eer.net/c/58948/76783/2023?u=http://www.bodybuilding.com/store/quest/quest.html?","status":"publish","title":"Quest Nutrition Bars","title_plain":"Quest Nutrition Bars","content":"<p style=\"text-align: left;\"><a href=\"ttp:\/\/bodybuilding.7eer.net\/c\/58948\/76783\/2023?u=http:\/\/www.bodybuilding.com\/store\/quest\/quest-bars.html\" target=\"_blank\">Quest bars<\/a> have one of the best nutritional profiles of any protein bar on the market!<\/p>\n<ul>\n<li>Gluten free<\/li>\n<li>20 g high protein<\/li>\n<li>4 g non-fiber carbs (learn more about non-fiber carbs by reading my article, &#8220;<a href=\"http:\/\/www.drsarasolomon.com\/fiber-facts-and-net-carbs\/\" target=\"_blank\">Fiber Facts and Net Carbs<\/a>&#8220;)<\/li>\n<li>No trans fat<\/li>\n<li>Diabetic-friendly<\/li>\n<\/ul>\n<p style=\"text-align: center;\"><a href=\"http:\/\/bodybuilding.7eer.net\/c\/58948\/76783\/2023?u=http:\/\/www.bodybuilding.com\/store\/quest\/quest.html?\" rel=\"attachment wp-att-7072\"><img class=\"aligncenter size-medium wp-image-7072\" title=\"Quest Products\" alt=\"Quest Products\" src=\"http:\/\/www.drsarasolomon.com\/wp-content\/uploads\/2012\/11\/cravings-home-hero-600x262.jpg\" width=\"600\" height=\"262\" \/><\/a><\/p>\n<h3 style=\"text-align: center;\"><span style=\"color: #ff0000;\">What are my Favourite Quest Nutrition Bars?<\/span><\/h3>\n<ul>\n<li>Chocolate Brownie<img alt=\"\" src=\"http:\/\/www.lduhtrp.net\/image-5892012-10409943\" width=\"1\" height=\"1\" border=\"0\" \/>, Chocolate Chip Cookie Dough\u00a0and Chocolate Peanut Butter<img alt=\"\" src=\"http:\/\/www.tqlkg.com\/image-5892012-10409943\" width=\"1\" height=\"1\" border=\"0\" \/>: \u00a0I heat these in the microwave for 15 seconds to create a warm gooey BROWNIE!<\/li>\n<li>Coconut Cashew<img alt=\"\" src=\"http:\/\/www.awltovhc.com\/image-5892012-10409943\" width=\"1\" height=\"1\" border=\"0\" \/>: I heat it in the microwave for 15 seconds to create a warm gooey COOKIE!<\/li>\n<li>Apple Pie<img style=\"text-align: left;\" alt=\"\" src=\"http:\/\/www.awltovhc.com\/image-5892012-10409943\" width=\"1\" height=\"1\" border=\"0\" \/>: I heat it in the microwave for 15 seconds to make WARM APPLE PIE!<\/li>\n<li>Banana Nut Muffin: I also heat this in the microwave for 15 seconds to make warm banana bread!<\/li>\n<li>Strawberry Cheesecake<img alt=\"\" src=\"http:\/\/www.lduhtrp.net\/image-5892012-10409943\" width=\"1\" height=\"1\" border=\"0\" \/>, White Chocolate Raspberry\u00a0 &amp;\u00a0\u00a0Lemon Cream Pie<img alt=\"\" src=\"http:\/\/www.awltovhc.com\/image-5892012-10409943\" width=\"1\" height=\"1\" border=\"0\" \/>: I like these at room temperature.<\/li>\n<\/ul>\n<p><a href=\"http:\/\/bodybuilding.7eer.net\/c\/58948\/76783\/2023?u=http:\/\/www.bodybuilding.com\/store\/quest\/quest.html?\"><img class=\"aligncenter size-full wp-image-9473\" alt=\"quest bars\" src=\"http:\/\/www.drsarasolomon.com\/wp-content\/uploads\/2013\/06\/quest-bars.jpeg\" width=\"300\" height=\"250\" \/><\/a><\/p>\n<h3 style=\"text-align: center;\"><span style=\"color: #ff0000;\">Quest Protein Peanut Butter Cups!\u00a0<\/span><\/h3>\n<p style=\"text-align: center;\">Only 4 g active carbs, no sugar used, 20 g of protein<\/p>\n<p style=\"text-align: center;\"><a href=\"http:\/\/bodybuilding.7eer.net\/c\/58948\/76783\/2023?u=http:\/\/www.bodybuilding.com\/store\/quest-nutrition\/quest-cravings.html\" target=\"_blank\"><img class=\"aligncenter size-full wp-image-9472\" alt=\"quest protein pb cups\" src=\"http:\/\/www.drsarasolomon.com\/wp-content\/uploads\/2013\/06\/quest-protein-pb-cups.jpeg\" width=\"300\" height=\"250\" \/><\/a><\/p>\n<h3 style=\"text-align: center;\"><span style=\"color: #ff0000;\">Watch my Video Quest Taste Test!<\/span><\/h3>\n<div class=\"myvideotag\" style=\"width: 560px;\"><iframe width=\"560\" height=\"315\" src=\"http:\/\/www.youtube.com\/embed\/Y-AqBYIYs5c\" frameborder=\"0\" allowfullscreen><\/iframe><\/div>\n<h3 style=\"text-align: center;\"><span style=\"color: #ff0000;\">Watch my Quest Video Sequel (I think it&#8217;s better than the original)<\/span><\/h3>\n<div class=\"myvideotag\" style=\"width: 560px;\"><iframe width=\"560\" height=\"315\" src=\"http:\/\/www.youtube.com\/embed\/UjFyRZjJoxw\" frameborder=\"0\" allowfullscreen><\/iframe><\/div>\n<p><img class=\"wp-image-7070 aligncenter\" title=\"quest bars\" alt=\"quest bars from bodybuilding.com\" src=\"http:\/\/www.drsarasolomon.com\/wp-content\/uploads\/2012\/11\/quest-sara-2.jpg\" width=\"238\" height=\"369\" \/><\/p>\n<p>&nbsp;<\/p>\n<p style=\"text-align: center;\"><img class=\"wp-image-7071 aligncenter\" title=\"quest protein peanut butter cups\" alt=\"quest protein peanut butter cups\" src=\"http:\/\/www.drsarasolomon.com\/wp-content\/uploads\/2012\/11\/quest-sara.jpg\" width=\"230\" height=\"254\" \/><\/p>\n<p>&nbsp;<\/p>\n<p>&nbsp;<\/p>\n<p style=\"text-align: center;\"><img class=\"aligncenter  wp-image-8285\" title=\"chocolate chip cookie dough quest bar\" alt=\"chocolate chip cookie dough quest bar\" src=\"http:\/\/www.drsarasolomon.com\/wp-content\/uploads\/2013\/02\/photo-copy-91.jpg\" width=\"199\" height=\"269\" \/><\/p>\n<p style=\"text-align: center;\"><img class=\"aligncenter  wp-image-8358\" title=\"banana nut muffin Quest\" alt=\"banana nut muffin Quest\" src=\"http:\/\/www.drsarasolomon.com\/wp-content\/uploads\/2012\/11\/bnm-quest.jpg\" width=\"530\" height=\"385\" \/><\/p>\n<p style=\"text-align: center;\"><img class=\"aligncenter size-full wp-image-9480\" alt=\"photo copy 6\" src=\"http:\/\/www.drsarasolomon.com\/wp-content\/uploads\/2012\/11\/photo-copy-6.jpg\" width=\"317\" height=\"378\" \/> <img class=\"aligncenter  wp-image-9481\" alt=\"logoquest\" src=\"http:\/\/www.drsarasolomon.com\/wp-content\/uploads\/2012\/11\/logoquest.jpg\" width=\"336\" height=\"448\" \/> <img class=\"aligncenter  wp-image-9482\" title=\"quest strawberry cheesecake\" alt=\"quest sc\" src=\"http:\/\/www.drsarasolomon.com\/wp-content\/uploads\/2012\/11\/quest-sc.jpg\" width=\"448\" height=\"336\" \/> <img class=\"aligncenter size-full wp-image-9483\" alt=\"quest new flavour\" src=\"http:\/\/www.drsarasolomon.com\/wp-content\/uploads\/2012\/11\/quest-new-flavour.jpg\" width=\"337\" height=\"416\" \/> <img class=\"aligncenter size-full wp-image-9484\" alt=\"quest eyes\" src=\"http:\/\/www.drsarasolomon.com\/wp-content\/uploads\/2012\/11\/quest-eyes.jpg\" width=\"462\" height=\"379\" \/><\/p>\n<p>&nbsp;<\/p>\n<p><a href=\"http:\/\/bodybuilding.7eer.net\/c\/58948\/76783\/2023?u=http:\/\/www.bodybuilding.com\/store\/quest\/quest-bars.html\"><\/p>\n<p style=\"text-align: center;\"><img class=\"aligncenter size-full wp-image-8359\" title=\"Quest Bars\" alt=\"Quest Bars\" src=\"http:\/\/www.drsarasolomon.com\/wp-content\/uploads\/2012\/11\/Bars_Fan-1.jpg\" width=\"471\" height=\"265\" \/><\/p>\n<p><\/a><\/p>\n<p>&nbsp;<\/p>\n<p>&nbsp;<\/p>\n<p>&nbsp;<\/p>\n","excerpt":"<p>Quest bars have one of the best nutritional profiles of any protein bar on the market! Gluten free 20 g high protein 4 g non-fiber carbs (learn more about non-fiber carbs by reading my article, &#8220;Fiber Facts and Net Carbs&#8220;) No trans fat Diabetic-friendly What are my Favourite Quest Nutrition Bars? Chocolate Brownie, Chocolate Chip [&hellip;]<\/p>\n","date":"2012-11-18 19:12:06","modified":"2013-12-03 00:14:13","categories":[{"id":9,"slug":"blog","title":"Blog","description":"","parent":0,"post_count":397},{"id":6,"slug":"all-videos","title":"Videos","description":"","parent":144,"post_count":107},{"id":153,"slug":"vitamins-supplements","title":"Workout Supplements","description":"","parent":151,"post_count":3}],"tags":[],"author":{"id":3,"slug":"sarasolomon","name":"Dr. Sara Solomon","first_name":"Sara","last_name":"Solomon","nickname":"Dr. Sara Solomon","url":"http:\/\/www.drsarasolomon.com","description":"Dr. Solomon is a practicing dentist (DMD) in Toronto, Canada, and holds a B.Sc in Physiotherapy. This certified personal trainer, spinning instructor, professional fitness model and cover girl is known around the world for <a href=\"http:\/\/www.drsarasolomon.com\/biography\">[read more]<\/a>"},"comments":[{"id":1356,"name":"Pati","url":"","date":"2012-11-18 19:28:32","content":"<p>Like you Sara&#8230;I LOOOOOOVE these bars!!!  I could have one or more every day!!!  By the way, I was successful in completing 3 full days of 20 hour fasting and I felt great.  I am starting to see results!!  THANK YOU Sara!!  Keep inspiring us and making us laugh too!!<\/p>\n","parent":0},{"id":1362,"name":"sarasolomon","url":"http:\/\/www.drsarasolomon.com","date":"2012-11-19 00:24:22","content":"<p>OMG! That is SO exciting! Isn&#8217;t it exciting when you see the fat come off!!!???<\/p>\n","parent":1356,"author":{"id":3,"slug":"sarasolomon","name":"Dr. Sara Solomon","first_name":"Sara","last_name":"Solomon","nickname":"Dr. Sara Solomon","url":"http:\/\/www.drsarasolomon.com","description":"Dr. Solomon is a practicing dentist (DMD) in Toronto, Canada, and holds a B.Sc in Physiotherapy. This certified personal trainer, spinning instructor, professional fitness model and cover girl is known around the world for <a href=\"http:\/\/www.drsarasolomon.com\/biography\">[read more]<\/a>"}},{"id":1389,"name":"Matt","url":"","date":"2012-11-20 13:38:41","content":"<p>Gorgeous and brilliant!  But, what about the Sucralose?<\/p>\n","parent":0},{"id":1456,"name":"sarasolomon","url":"http:\/\/www.drsarasolomon.com","date":"2012-11-24 15:42:55","content":"<p>it&#8217;s only in the PB cups, not in the Quest Bars&#8230; so you have options <img src=\"http:\/\/www.drsarasolomon.com\/wp-includes\/images\/smilies\/icon_wink.gif\" alt=\";)\" class=\"wp-smiley\" \/> <\/p>\n","parent":1389,"author":{"id":3,"slug":"sarasolomon","name":"Dr. Sara Solomon","first_name":"Sara","last_name":"Solomon","nickname":"Dr. Sara Solomon","url":"http:\/\/www.drsarasolomon.com","description":"Dr. Solomon is a practicing dentist (DMD) in Toronto, Canada, and holds a B.Sc in Physiotherapy. This certified personal trainer, spinning instructor, professional fitness model and cover girl is known around the world for <a href=\"http:\/\/www.drsarasolomon.com\/biography\">[read more]<\/a>"}}],"attachments":[{"id":9480,"url":"http:\/\/www.drsarasolomon.com\/wp-content\/uploads\/2012\/11\/photo-copy-6.jpg","slug":"photo-copy-6-6","title":"photo copy 6","description":"","caption":"","parent":7069,"mime_type":"image\/jpeg","images":{"full":{"url":"http:\/\/www.drsarasolomon.com\/wp-content\/uploads\/2012\/11\/photo-copy-6.jpg","width":317,"height":378},"thumbnail":{"url":"http:\/\/www.drsarasolomon.com\/wp-content\/uploads\/2012\/11\/photo-copy-6-150x150.jpg","width":150,"height":150},"medium":{"url":"http:\/\/www.drsarasolomon.com\/wp-content\/uploads\/2012\/11\/photo-copy-6.jpg","width":317,"height":378},"large":{"url":"http:\/\/www.drsarasolomon.com\/wp-content\/uploads\/2012\/11\/photo-copy-6.jpg","width":317,"height":378},"home-bottom":{"url":"http:\/\/www.drsarasolomon.com\/wp-content\/uploads\/2012\/11\/photo-copy-6-280x150.jpg","width":280,"height":150},"slider":{"url":"http:\/\/www.drsarasolomon.com\/wp-content\/uploads\/2012\/11\/photo-copy-6-317x250.jpg","width":317,"height":250},"square":{"url":"http:\/\/www.drsarasolomon.com\/wp-content\/uploads\/2012\/11\/photo-copy-6-120x120.jpg","width":120,"height":120},"tabs":{"url":"http:\/\/www.drsarasolomon.com\/wp-content\/uploads\/2012\/11\/photo-copy-6-317x250.jpg","width":317,"height":250}}},{"id":9481,"url":"http:\/\/www.drsarasolomon.com\/wp-content\/uploads\/2012\/11\/logoquest.jpg","slug":"logoquest-2","title":"logoquest","description":"","caption":"","parent":7069,"mime_type":"image\/jpeg","images":{"full":{"url":"http:\/\/www.drsarasolomon.com\/wp-content\/uploads\/2012\/11\/logoquest.jpg","width":480,"height":640},"thumbnail":{"url":"http:\/\/www.drsarasolomon.com\/wp-content\/uploads\/2012\/11\/logoquest-150x150.jpg","width":150,"height":150},"medium":{"url":"http:\/\/www.drsarasolomon.com\/wp-content\/uploads\/2012\/11\/logoquest.jpg","width":480,"height":640},"large":{"url":"http:\/\/www.drsarasolomon.com\/wp-content\/uploads\/2012\/11\/logoquest.jpg","width":480,"height":640},"home-bottom":{"url":"http:\/\/www.drsarasolomon.com\/wp-content\/uploads\/2012\/11\/logoquest-280x150.jpg","width":280,"height":150},"slider":{"url":"http:\/\/www.drsarasolomon.com\/wp-content\/uploads\/2012\/11\/logoquest-480x250.jpg","width":480,"height":250},"square":{"url":"http:\/\/www.drsarasolomon.com\/wp-content\/uploads\/2012\/11\/logoquest-120x120.jpg","width":120,"height":120},"tabs":{"url":"http:\/\/www.drsarasolomon.com\/wp-content\/uploads\/2012\/11\/logoquest-480x250.jpg","width":480,"height":250}}},{"id":7070,"url":"http:\/\/www.drsarasolomon.com\/wp-content\/uploads\/2012\/11\/quest-sara-2.jpg","slug":"quest-sara-2","title":"quest sara 2","description":"","caption":"","parent":7069,"mime_type":"image\/jpeg","images":{"full":{"url":"http:\/\/www.drsarasolomon.com\/wp-content\/uploads\/2012\/11\/quest-sara-2.jpg","width":396,"height":615},"thumbnail":{"url":"http:\/\/www.drsarasolomon.com\/wp-content\/uploads\/2012\/11\/quest-sara-2-e1353278075317-140x150.jpg","width":140,"height":150},"medium":{"url":"http:\/\/www.drsarasolomon.com\/wp-content\/uploads\/2012\/11\/quest-sara-2.jpg","width":396,"height":615},"large":{"url":"http:\/\/www.drsarasolomon.com\/wp-content\/uploads\/2012\/11\/quest-sara-2.jpg","width":396,"height":615},"home-bottom":{"url":"http:\/\/www.drsarasolomon.com\/wp-content\/uploads\/2012\/11\/quest-sara-2-280x150.jpg","width":280,"height":150},"slider":{"url":"http:\/\/www.drsarasolomon.com\/wp-content\/uploads\/2012\/11\/quest-sara-2-396x250.jpg","width":396,"height":250},"square":{"url":"http:\/\/www.drsarasolomon.com\/wp-content\/uploads\/2012\/11\/quest-sara-2-120x120.jpg","width":120,"height":120},"tabs":{"url":"http:\/\/www.drsarasolomon.com\/wp-content\/uploads\/2012\/11\/quest-sara-2-396x250.jpg","width":396,"height":250}}},{"id":7071,"url":"http:\/\/www.drsarasolomon.com\/wp-content\/uploads\/2012\/11\/quest-sara.jpg","slug":"quest-sara","title":"quest protein peanut butter cups","description":"","caption":"","parent":7069,"mime_type":"image\/jpeg","images":{"full":{"url":"http:\/\/www.drsarasolomon.com\/wp-content\/uploads\/2012\/11\/quest-sara.jpg","width":383,"height":424},"thumbnail":{"url":"http:\/\/www.drsarasolomon.com\/wp-content\/uploads\/2012\/11\/quest-sara-150x150.jpg","width":150,"height":150},"medium":{"url":"http:\/\/www.drsarasolomon.com\/wp-content\/uploads\/2012\/11\/quest-sara.jpg","width":383,"height":424},"large":{"url":"http:\/\/www.drsarasolomon.com\/wp-content\/uploads\/2012\/11\/quest-sara.jpg","width":383,"height":424},"home-bottom":{"url":"http:\/\/www.drsarasolomon.com\/wp-content\/uploads\/2012\/11\/quest-sara-280x150.jpg","width":280,"height":150},"slider":{"url":"http:\/\/www.drsarasolomon.com\/wp-content\/uploads\/2012\/11\/quest-sara-383x250.jpg","width":383,"height":250},"square":{"url":"http:\/\/www.drsarasolomon.com\/wp-content\/uploads\/2012\/11\/quest-sara-120x120.jpg","width":120,"height":120},"tabs":{"url":"http:\/\/www.drsarasolomon.com\/wp-content\/uploads\/2012\/11\/quest-sara-383x250.jpg","width":383,"height":250}}},{"id":7072,"url":"http:\/\/www.drsarasolomon.com\/wp-content\/uploads\/2012\/11\/cravings-home-hero.jpg","slug":"cravings-home-hero","title":"Quest Products","description":"","caption":"","parent":7069,"mime_type":"image\/jpeg","images":{"full":{"url":"http:\/\/www.drsarasolomon.com\/wp-content\/uploads\/2012\/11\/cravings-home-hero.jpg","width":996,"height":435},"thumbnail":{"url":"http:\/\/www.drsarasolomon.com\/wp-content\/uploads\/2012\/11\/cravings-home-hero-150x150.jpg","width":150,"height":150},"medium":{"url":"http:\/\/www.drsarasolomon.com\/wp-content\/uploads\/2012\/11\/cravings-home-hero-600x262.jpg","width":600,"height":262},"home-bottom":{"url":"http:\/\/www.drsarasolomon.com\/wp-content\/uploads\/2012\/11\/cravings-home-hero-280x150.jpg","width":280,"height":150},"slider":{"url":"http:\/\/www.drsarasolomon.com\/wp-content\/uploads\/2012\/11\/cravings-home-hero-600x250.jpg","width":600,"height":250},"square":{"url":"http:\/\/www.drsarasolomon.com\/wp-content\/uploads\/2012\/11\/cravings-home-hero-120x120.jpg","width":120,"height":120},"tabs":{"url":"http:\/\/www.drsarasolomon.com\/wp-content\/uploads\/2012\/11\/cravings-home-hero-580x250.jpg","width":580,"height":250}}},{"id":8358,"url":"http:\/\/www.drsarasolomon.com\/wp-content\/uploads\/2012\/11\/bnm-quest.jpg","slug":"300-movie-backround-5","title":"banana nut muffin Quest","description":"","caption":"","parent":7069,"mime_type":"image\/jpeg","images":{"full":{"url":"http:\/\/www.drsarasolomon.com\/wp-content\/uploads\/2012\/11\/bnm-quest.jpg","width":1134,"height":824},"thumbnail":{"url":"http:\/\/www.drsarasolomon.com\/wp-content\/uploads\/2012\/11\/bnm-quest-150x150.jpg","width":150,"height":150},"medium":{"url":"http:\/\/www.drsarasolomon.com\/wp-content\/uploads\/2012\/11\/bnm-quest-600x435.jpg","width":600,"height":435},"home-bottom":{"url":"http:\/\/www.drsarasolomon.com\/wp-content\/uploads\/2012\/11\/bnm-quest-280x150.jpg","width":280,"height":150},"slider":{"url":"http:\/\/www.drsarasolomon.com\/wp-content\/uploads\/2012\/11\/bnm-quest-600x250.jpg","width":600,"height":250},"square":{"url":"http:\/\/www.drsarasolomon.com\/wp-content\/uploads\/2012\/11\/bnm-quest-120x120.jpg","width":120,"height":120},"tabs":{"url":"http:\/\/www.drsarasolomon.com\/wp-content\/uploads\/2012\/11\/bnm-quest-580x250.jpg","width":580,"height":250}}},{"id":8359,"url":"http:\/\/www.drsarasolomon.com\/wp-content\/uploads\/2012\/11\/Bars_Fan-1.jpg","slug":"bars_fan-1","title":"Quest Bars","description":"","caption":"","parent":7069,"mime_type":"image\/jpeg","images":{"full":{"url":"http:\/\/www.drsarasolomon.com\/wp-content\/uploads\/2012\/11\/Bars_Fan-1.jpg","width":471,"height":265},"thumbnail":{"url":"http:\/\/www.drsarasolomon.com\/wp-content\/uploads\/2012\/11\/Bars_Fan-1-150x150.jpg","width":150,"height":150},"medium":{"url":"http:\/\/www.drsarasolomon.com\/wp-content\/uploads\/2012\/11\/Bars_Fan-1.jpg","width":471,"height":265},"large":{"url":"http:\/\/www.drsarasolomon.com\/wp-content\/uploads\/2012\/11\/Bars_Fan-1.jpg","width":471,"height":265},"home-bottom":{"url":"http:\/\/www.drsarasolomon.com\/wp-content\/uploads\/2012\/11\/Bars_Fan-1-280x150.jpg","width":280,"height":150},"slider":{"url":"http:\/\/www.drsarasolomon.com\/wp-content\/uploads\/2012\/11\/Bars_Fan-1-471x250.jpg","width":471,"height":250},"square":{"url":"http:\/\/www.drsarasolomon.com\/wp-content\/uploads\/2012\/11\/Bars_Fan-1-120x120.jpg","width":120,"height":120},"tabs":{"url":"http:\/\/www.drsarasolomon.com\/wp-content\/uploads\/2012\/11\/Bars_Fan-1-471x250.jpg","width":471,"height":250}}},{"id":9482,"url":"http:\/\/www.drsarasolomon.com\/wp-content\/uploads\/2012\/11\/quest-sc.jpg","slug":"quest-sc","title":"quest sc","description":"","caption":"","parent":7069,"mime_type":"image\/jpeg","images":{"full":{"url":"http:\/\/www.drsarasolomon.com\/wp-content\/uploads\/2012\/11\/quest-sc.jpg","width":640,"height":480},"thumbnail":{"url":"http:\/\/www.drsarasolomon.com\/wp-content\/uploads\/2012\/11\/quest-sc-150x150.jpg","width":150,"height":150},"medium":{"url":"http:\/\/www.drsarasolomon.com\/wp-content\/uploads\/2012\/11\/quest-sc-600x450.jpg","width":600,"height":450},"home-bottom":{"url":"http:\/\/www.drsarasolomon.com\/wp-content\/uploads\/2012\/11\/quest-sc-280x150.jpg","width":280,"height":150},"slider":{"url":"http:\/\/www.drsarasolomon.com\/wp-content\/uploads\/2012\/11\/quest-sc-600x250.jpg","width":600,"height":250},"square":{"url":"http:\/\/www.drsarasolomon.com\/wp-content\/uploads\/2012\/11\/quest-sc-120x120.jpg","width":120,"height":120},"tabs":{"url":"http:\/\/www.drsarasolomon.com\/wp-content\/uploads\/2012\/11\/quest-sc-580x250.jpg","width":580,"height":250}}},{"id":9483,"url":"http:\/\/www.drsarasolomon.com\/wp-content\/uploads\/2012\/11\/quest-new-flavour.jpg","slug":"quest-new-flavour","title":"quest new flavour","description":"","caption":"","parent":7069,"mime_type":"image\/jpeg","images":{"full":{"url":"http:\/\/www.drsarasolomon.com\/wp-content\/uploads\/2012\/11\/quest-new-flavour.jpg","width":337,"height":416},"thumbnail":{"url":"http:\/\/www.drsarasolomon.com\/wp-content\/uploads\/2012\/11\/quest-new-flavour-150x150.jpg","width":150,"height":150},"medium":{"url":"http:\/\/www.drsarasolomon.com\/wp-content\/uploads\/2012\/11\/quest-new-flavour.jpg","width":337,"height":416},"large":{"url":"http:\/\/www.drsarasolomon.com\/wp-content\/uploads\/2012\/11\/quest-new-flavour.jpg","width":337,"height":416},"home-bottom":{"url":"http:\/\/www.drsarasolomon.com\/wp-content\/uploads\/2012\/11\/quest-new-flavour-280x150.jpg","width":280,"height":150},"slider":{"url":"http:\/\/www.drsarasolomon.com\/wp-content\/uploads\/2012\/11\/quest-new-flavour-337x250.jpg","width":337,"height":250},"square":{"url":"http:\/\/www.drsarasolomon.com\/wp-content\/uploads\/2012\/11\/quest-new-flavour-120x120.jpg","width":120,"height":120},"tabs":{"url":"http:\/\/www.drsarasolomon.com\/wp-content\/uploads\/2012\/11\/quest-new-flavour-337x250.jpg","width":337,"height":250}}},{"id":9484,"url":"http:\/\/www.drsarasolomon.com\/wp-content\/uploads\/2012\/11\/quest-eyes.jpg","slug":"quest-eyes","title":"quest eyes","description":"","caption":"","parent":7069,"mime_type":"image\/jpeg","images":{"full":{"url":"http:\/\/www.drsarasolomon.com\/wp-content\/uploads\/2012\/11\/quest-eyes.jpg","width":462,"height":379},"thumbnail":{"url":"http:\/\/www.drsarasolomon.com\/wp-content\/uploads\/2012\/11\/quest-eyes-150x150.jpg","width":150,"height":150},"medium":{"url":"http:\/\/www.drsarasolomon.com\/wp-content\/uploads\/2012\/11\/quest-eyes.jpg","width":462,"height":379},"large":{"url":"http:\/\/www.drsarasolomon.com\/wp-content\/uploads\/2012\/11\/quest-eyes.jpg","width":462,"height":379},"home-bottom":{"url":"http:\/\/www.drsarasolomon.com\/wp-content\/uploads\/2012\/11\/quest-eyes-280x150.jpg","width":280,"height":150},"slider":{"url":"http:\/\/www.drsarasolomon.com\/wp-content\/uploads\/2012\/11\/quest-eyes-462x250.jpg","width":462,"height":250},"square":{"url":"http:\/\/www.drsarasolomon.com\/wp-content\/uploads\/2012\/11\/quest-eyes-120x120.jpg","width":120,"height":120},"tabs":{"url":"http:\/\/www.drsarasolomon.com\/wp-content\/uploads\/2012\/11\/quest-eyes-462x250.jpg","width":462,"height":250}}}],"comment_count":4,"comment_status":"open","thumbnail":"http:\/\/www.drsarasolomon.com\/wp-content\/uploads\/2012\/11\/quest-sara-2-e1353278075317-140x150.jpg","custom_fields":{},"thumbnail_size":"thumbnail","thumbnail_images":{"full":{"url":"http:\/\/www.drsarasolomon.com\/wp-content\/uploads\/2012\/11\/quest-sara-2.jpg","width":396,"height":615},"thumbnail":{"url":"http:\/\/www.drsarasolomon.com\/wp-content\/uploads\/2012\/11\/quest-sara-2-e1353278075317-140x150.jpg","width":140,"height":150},"medium":{"url":"http:\/\/www.drsarasolomon.com\/wp-content\/uploads\/2012\/11\/quest-sara-2.jpg","width":396,"height":615},"large":{"url":"http:\/\/www.drsarasolomon.com\/wp-content\/uploads\/2012\/11\/quest-sara-2.jpg","width":396,"height":615},"home-bottom":{"url":"http:\/\/www.drsarasolomon.com\/wp-content\/uploads\/2012\/11\/quest-sara-2-280x150.jpg","width":280,"height":150},"slider":{"url":"http:\/\/www.drsarasolomon.com\/wp-content\/uploads\/2012\/11\/quest-sara-2-396x250.jpg","width":396,"height":250},"square":{"url":"http:\/\/www.drsarasolomon.com\/wp-content\/uploads\/2012\/11\/quest-sara-2-120x120.jpg","width":120,"height":120},"tabs":{"url":"http:\/\/www.drsarasolomon.com\/wp-content\/uploads\/2012\/11\/quest-sara-2-396x250.jpg","width":396,"height":250}}},{"id":4799,"type":"post","slug":"workout-supplements","url":"http:\/\/www.drsarasolomon.com\/workout-supplements\/","status":"publish","title":"Bodybuilding.com Workout Supplements","title_plain":"Bodybuilding.com Workout Supplements","content":"<h1>Bodybuilding.com = the online supplement authority<\/h1>\n<p><a href=\"http:\/\/bodybuilding.7eer.net\/c\/58948\/76783\/2023?u=http:\/\/www.bodybuilding.com\/store\/commerce\/specials.jsp?page=0 http:\/\/bit.ly\/XNDdY2\" target=\"_blank\">Click here for Bodybuilding.com, the world&#8217;s #1 Sports Nutrition E-Retailer!<img alt=\"\" src=\"http:\/\/www.awltovhc.com\/image-5892012-10778963\" width=\"1\" height=\"1\" border=\"0\" \/><\/p>\n<p>Click here for ON SALE Products at Bodybuilding.com<\/p>\n<p><\/a><\/p>\n<p style=\"text-align: justify;\">Bodybuilding.com offers over 10 000 health and fitness products to help you reach your goals! \u00a0Each product includes product descriptions, supplement facts and helpful scientific information.<\/p>\n<ul style=\"text-align: justify;\">\n<li>best selection<\/li>\n<li>lowest prices<\/li>\n<li>fastest shipping<\/li>\n<li>over 10 000 000 customers strong<\/li>\n<li>Most Visited Bodybuilding And Fitness Site In The World<\/li>\n<li>trusted since 1999<\/li>\n<li>world&#8217;s #1 online supplement store<\/li>\n<li>largest bodybuilding cyberstore: ensures quick and easy one-stop shopping!<\/li>\n<li>free muscle building and fat loss exercise\/supplementation\/nutrition\/motivation plans<\/li>\n<li>world&#8217;s largest fitness online community (BodySpace)<\/li>\n<li>outstanding customer service<\/li>\n<li>international shipping<\/li>\n<li>Dr. Solomon approved! Sara is proud to be a Team Member of Bodybuilding.com.<\/li>\n<\/ul>\n<p>Create your own BodySpace Profile on bodybuilding.com and join Dr. Sara Solomon on BodySpace by clicking <a style=\"text-align: justify;\" href=\"http:\/\/bodybuilding.7eer.net\/c\/58948\/76783\/2023?u=http:\/\/bodyspace.bodybuilding.com\/SaraSolomon\/\" target=\"_blank\">here<\/a>.<\/p>\n<p style=\"text-align: justify;\">Visit Dr. Sara Solomon&#8217;s <a href=\"http:\/\/www.bodybuilding.com\/fun\/sara-solomon.html\" target=\"_blank\">author page<\/a> on bodybuilding.com and read her evidence-based articles published on bodybuilding.com:<\/p>\n<ul style=\"text-align: justify;\">\n<li><strong style=\"font-family: arial; font-size: small;\"><a href=\"http:\/\/www.bodybuilding.com\/fun\/mercury-in-fish-scare.html\">The Mercury-in-Fish Scare: How Safe Is All That Seafood You\u2019re Eating?<\/a><\/strong><\/li>\n<li>\u00a0<strong style=\"font-family: arial; font-size: small;\"><a href=\"http:\/\/www.bodybuilding.com\/fun\/8-wonders-of-matcha-green-tea.html\">The 8 Wonders Of Matcha Green Tea<\/a><\/strong><\/li>\n<li>\u00a0<strong style=\"font-family: arial; font-size: small;\"><a href=\"http:\/\/www.bodybuilding.com\/fun\/power-plants-feast-on-these-veggies.html\">Power Plants: Feast On These Vitamin-Dense, Cancer-Fighting Veggies<\/a><\/strong><\/li>\n<\/ul>\n<p><a href=\"http:\/\/bodybuilding.7eer.net\/c\/58948\/76783\/2023?u=http:\/\/www.bodybuilding.com\/store\/\"><\/p>\n<p style=\"text-align: center;\"><img class=\"aligncenter\" style=\"border: 0px;\" alt=\"We Ship to Canada\" src=\"http:\/\/www.awltovhc.com\/image-5892012-10756821\" width=\"120\" height=\"240\" border=\"0\" \/><\/p>\n<p><\/a><\/p>\n<div>\n<div><\/div>\n<\/div>\n<p>&nbsp;<\/p>\n","excerpt":"<p>Bodybuilding.com = the online supplement authority Click here for Bodybuilding.com, the world&#8217;s #1 Sports Nutrition E-Retailer! Click here for ON SALE Products at Bodybuilding.com Bodybuilding.com offers over 10 000 health and fitness products to help you reach your goals! \u00a0Each product includes product descriptions, supplement facts and helpful scientific information. best selection lowest prices fastest [&hellip;]<\/p>\n","date":"2012-08-19 00:53:47","modified":"2013-12-03 01:20:39","categories":[{"id":145,"slug":"supplements","title":"Workout Supplements","description":"","parent":140,"post_count":1},{"id":153,"slug":"vitamins-supplements","title":"Workout Supplements","description":"","parent":151,"post_count":3}],"tags":[],"author":{"id":3,"slug":"sarasolomon","name":"Dr. Sara Solomon","first_name":"Sara","last_name":"Solomon","nickname":"Dr. Sara Solomon","url":"http:\/\/www.drsarasolomon.com","description":"Dr. Solomon is a practicing dentist (DMD) in Toronto, Canada, and holds a B.Sc in Physiotherapy. This certified personal trainer, spinning instructor, professional fitness model and cover girl is known around the world for <a href=\"http:\/\/www.drsarasolomon.com\/biography\">[read more]<\/a>"},"comments":[{"id":318,"name":"was kann man gegen pickel machen hausmittel","url":"http:\/\/new.ain.az\/index.php?do=\/profile-108\/info\/","date":"2012-09-17 05:18:51","content":"<p>An interesting discussion is price comment. I believe that you must write more on this matter, it may not be a taboo<br \/>\nsubject however generally individuals are not sufficient to talk on such topics.<br \/>\nTo the next. Cheers<\/p>\n","parent":0},{"id":4258,"name":"Look","url":"http:\/\/c404.net\/","date":"2013-03-01 03:17:40","content":"<p>Quality articles is the crucial to invite the visitors to<br \/>\npay a quick visit the web page, that&#8217;s what this web site is providing.<\/p>\n","parent":0},{"id":4689,"name":"christian louboutin bianca","url":"http:\/\/clbiancasite.webs.com\/","date":"2013-03-07 15:15:56","content":"<p>I&#8217;m not positive the place you&#8217;re getting your information, however good<br \/>\ntopic. I needs to spend a while studying much more or figuring out more.<\/p>\n<p>Thank you for wonderful info I used to be on the lookout for this info<br \/>\nfor my mission.<\/p>\n","parent":0},{"id":8453,"name":"disabled singles dating","url":"http:\/\/elderhelpers.org\/blog\/","date":"2013-04-21 01:09:00","content":"<p>Hi! I just would like to give you a big thumbs up for your great info you&#8217;ve got here on this post. I am coming back to your website for more soon.<\/p>\n","parent":0},{"id":8739,"name":"Pureberry Max Raspberry","url":"http:\/\/danbina.blogspot.com\/2011\/09\/counter-intelligence.html","date":"2013-05-01 14:09:30","content":"<p>Hey there! I&#8217;ve been reading your weblog for some time now and finally got the courage to go ahead and give you a shout out from Austin Tx! Just wanted to say keep up the great job!<\/p>\n","parent":0},{"id":8813,"name":"sarasolomon","url":"http:\/\/www.drsarasolomon.com","date":"2013-05-04 13:49:18","content":"<p>awe thanks!<\/p>\n","parent":8739,"author":{"id":3,"slug":"sarasolomon","name":"Dr. Sara Solomon","first_name":"Sara","last_name":"Solomon","nickname":"Dr. Sara Solomon","url":"http:\/\/www.drsarasolomon.com","description":"Dr. Solomon is a practicing dentist (DMD) in Toronto, Canada, and holds a B.Sc in Physiotherapy. This certified personal trainer, spinning instructor, professional fitness model and cover girl is known around the world for <a href=\"http:\/\/www.drsarasolomon.com\/biography\">[read more]<\/a>"}}],"attachments":[{"id":4800,"url":"http:\/\/www.drsarasolomon.com\/wp-content\/uploads\/2012\/08\/photo-copy-2.jpg","slug":"photo-copy-2-2","title":"photo copy 2","description":"","caption":"","parent":4799,"mime_type":"image\/jpeg","images":{"full":{"url":"http:\/\/www.drsarasolomon.com\/wp-content\/uploads\/2012\/08\/photo-copy-2.jpg","width":1559,"height":1697},"thumbnail":{"url":"http:\/\/www.drsarasolomon.com\/wp-content\/uploads\/2012\/08\/photo-copy-2-150x150.jpg","width":150,"height":150},"medium":{"url":"http:\/\/www.drsarasolomon.com\/wp-content\/uploads\/2012\/08\/photo-copy-2-600x653.jpg","width":600,"height":653},"home-bottom":{"url":"http:\/\/www.drsarasolomon.com\/wp-content\/uploads\/2012\/08\/photo-copy-2-280x150.jpg","width":280,"height":150},"slider":{"url":"http:\/\/www.drsarasolomon.com\/wp-content\/uploads\/2012\/08\/photo-copy-2-600x250.jpg","width":600,"height":250},"square":{"url":"http:\/\/www.drsarasolomon.com\/wp-content\/uploads\/2012\/08\/photo-copy-2-120x120.jpg","width":120,"height":120},"tabs":{"url":"http:\/\/www.drsarasolomon.com\/wp-content\/uploads\/2012\/08\/photo-copy-2-580x250.jpg","width":580,"height":250}}},{"id":4801,"url":"http:\/\/www.drsarasolomon.com\/wp-content\/uploads\/2012\/08\/photo-copy-21.jpg","slug":"photo-copy-2-3","title":"Dr. Sara Solomon - Team Bodybuilding.com","description":"","caption":"","parent":4799,"mime_type":"image\/jpeg","images":{"full":{"url":"http:\/\/www.drsarasolomon.com\/wp-content\/uploads\/2012\/08\/photo-copy-21-e1345352247258.jpg","width":1200,"height":1606},"thumbnail":{"url":"http:\/\/www.drsarasolomon.com\/wp-content\/uploads\/2012\/08\/photo-copy-21-e1345349676185-150x150.jpg","width":150,"height":150},"medium":{"url":"http:\/\/www.drsarasolomon.com\/wp-content\/uploads\/2012\/08\/photo-copy-21-e1345349676185-597x800.jpg","width":597,"height":800}}},{"id":4806,"url":"http:\/\/www.drsarasolomon.com\/wp-content\/uploads\/2012\/08\/bbcomlogopr.jpg","slug":"bbcomlogopr-3","title":"workout supplements","description":"","caption":"","parent":4799,"mime_type":"image\/jpeg","images":{"full":{"url":"http:\/\/www.drsarasolomon.com\/wp-content\/uploads\/2012\/08\/bbcomlogopr.jpg","width":2018,"height":634},"thumbnail":{"url":"http:\/\/www.drsarasolomon.com\/wp-content\/uploads\/2012\/08\/bbcomlogopr-150x150.jpg","width":150,"height":150},"medium":{"url":"http:\/\/www.drsarasolomon.com\/wp-content\/uploads\/2012\/08\/bbcomlogopr-600x188.jpg","width":600,"height":188},"home-bottom":{"url":"http:\/\/www.drsarasolomon.com\/wp-content\/uploads\/2012\/08\/bbcomlogopr-280x150.jpg","width":280,"height":150},"slider":{"url":"http:\/\/www.drsarasolomon.com\/wp-content\/uploads\/2012\/08\/bbcomlogopr-600x250.jpg","width":600,"height":250},"square":{"url":"http:\/\/www.drsarasolomon.com\/wp-content\/uploads\/2012\/08\/bbcomlogopr-120x120.jpg","width":120,"height":120},"tabs":{"url":"http:\/\/www.drsarasolomon.com\/wp-content\/uploads\/2012\/08\/bbcomlogopr-580x250.jpg","width":580,"height":250}}},{"id":6182,"url":"http:\/\/www.drsarasolomon.com\/wp-content\/uploads\/2012\/08\/logo_facebook.jpg","slug":"logo_facebook","title":"bodybuilding.com","description":"","caption":"","parent":4799,"mime_type":"image\/jpeg","images":{"full":{"url":"http:\/\/www.drsarasolomon.com\/wp-content\/uploads\/2012\/08\/logo_facebook.jpg","width":288,"height":288},"thumbnail":{"url":"http:\/\/www.drsarasolomon.com\/wp-content\/uploads\/2012\/08\/logo_facebook-150x150.jpg","width":150,"height":150},"medium":{"url":"http:\/\/www.drsarasolomon.com\/wp-content\/uploads\/2012\/08\/logo_facebook.jpg","width":288,"height":288},"large":{"url":"http:\/\/www.drsarasolomon.com\/wp-content\/uploads\/2012\/08\/logo_facebook.jpg","width":288,"height":288},"home-bottom":{"url":"http:\/\/www.drsarasolomon.com\/wp-content\/uploads\/2012\/08\/logo_facebook-280x150.jpg","width":280,"height":150},"slider":{"url":"http:\/\/www.drsarasolomon.com\/wp-content\/uploads\/2012\/08\/logo_facebook-288x250.jpg","width":288,"height":250},"square":{"url":"http:\/\/www.drsarasolomon.com\/wp-content\/uploads\/2012\/08\/logo_facebook-120x120.jpg","width":120,"height":120},"tabs":{"url":"http:\/\/www.drsarasolomon.com\/wp-content\/uploads\/2012\/08\/logo_facebook-288x250.jpg","width":288,"height":250}}}],"comment_count":6,"comment_status":"open","thumbnail":"http:\/\/www.drsarasolomon.com\/wp-content\/uploads\/2012\/08\/logo_facebook-150x150.jpg","custom_fields":{},"thumbnail_size":"thumbnail","thumbnail_images":{"full":{"url":"http:\/\/www.drsarasolomon.com\/wp-content\/uploads\/2012\/08\/logo_facebook.jpg","width":288,"height":288},"thumbnail":{"url":"http:\/\/www.drsarasolomon.com\/wp-content\/uploads\/2012\/08\/logo_facebook-150x150.jpg","width":150,"height":150},"medium":{"url":"http:\/\/www.drsarasolomon.com\/wp-content\/uploads\/2012\/08\/logo_facebook.jpg","width":288,"height":288},"large":{"url":"http:\/\/www.drsarasolomon.com\/wp-content\/uploads\/2012\/08\/logo_facebook.jpg","width":288,"height":288},"home-bottom":{"url":"http:\/\/www.drsarasolomon.com\/wp-content\/uploads\/2012\/08\/logo_facebook-280x150.jpg","width":280,"height":150},"slider":{"url":"http:\/\/www.drsarasolomon.com\/wp-content\/uploads\/2012\/08\/logo_facebook-288x250.jpg","width":288,"height":250},"square":{"url":"http:\/\/www.drsarasolomon.com\/wp-content\/uploads\/2012\/08\/logo_facebook-120x120.jpg","width":120,"height":120},"tabs":{"url":"http:\/\/www.drsarasolomon.com\/wp-content\/uploads\/2012\/08\/logo_facebook-288x250.jpg","width":288,"height":250}}},{"id":3793,"type":"post","slug":"chocolate-powdered-peanut-butter","url":"http://www.thelowcarbgrocery.com/catalog/product_info.php?ref=87&products_id=2038&affiliate_banner_id=1","status":"publish","title":"Guilt-Free Peanut Butter!","title_plain":"Guilt-Free Peanut Butter!","content":"<p>It&#8217;s no secret that peanut butter is high in fat calories. \u00a0If you are a peanut butter addict (like Sara is) and have a hard time exercising portion control, then PB2 Powdered Peanut Butter is for you!<\/p>\n<ul>\n<li>PB2 has the same consistency and taste as full fat peanut butter, minus the guilt!<\/li>\n<li>PB2 has\u00a0<strong>nearly 85% less fat calories\u00a0<\/strong>than conventional peanut butter<strong>!<\/strong><\/li>\n<li>PB2 is made with high quality peanuts that are slow-roasted and pressed to remove the oil.<\/li>\n<li>PB2 is all natural with no artificial flavours, sweeteners, or preservatives.<\/li>\n<li>PB2 Powdered Peanut Butter is mixed with water to create a traditional peanut butter mixture.<\/li>\n<li>PB2 can be used as a substitute for peanut butter in recipes.<\/li>\n<\/ul>\n<p><strong>Ingredients<em>:\u00a0<\/em><\/strong><em>Roasted Peanuts, salt, and sugar.<\/em><\/p>\n<p><strong>PB2\u00a0Nutritional Information:<\/strong><em>\u00a0<\/em>2 TBSP: \u00a045 calories, 1.5 g of fat, 94 mg sodium, 5 g of carbohydrates, 2 g of fiber, 1 g of sugar and 5 g of protein.<\/p>\n<p><strong>Chocolate PB2 Nutritional Information<\/strong>: 2 TBSP: 45 calories, 1 g of fat, 70 mg sodium, 6 g of carbohydrates, 1 g of fiber, 3 g of sugar and 5 g of protein.<\/p>\n<p>Compare these values to 2 TBSP of all-natural peanut butter: \u00a0180 calories, 16 g fat, 0 mg sodium, 6 g carbohydrates, 2 g fiber, 2 g of sugar and 8 g of protein. \u00a0NO CONTEST!<\/p>\n<p>Click to purchase (Canadian Shoppers):<br \/>\n<a href=\"http:\/\/www.thelowcarbgrocery.com\/catalog\/product_info.php?ref=87&amp;products_id=2038&amp;affiliate_banner_id=1\" target=\"_blank\"><img style=\"border: 0px;\" title=\"PB2 Powdered CHOCOLATE Peanut Butter (184g)\" alt=\"PB2 Powdered CHOCOLATE Peanut Butter (184g)\" src=\"http:\/\/www.thelowcarbgrocery.com\/catalog\/affiliate_show_banner.php?ref=87&amp;affiliate_pbanner_id=2038\" width=\"210\" height=\"210\" border=\"0\" \/><\/a><\/p>\n<p><a href=\"http:\/\/www.thelowcarbgrocery.com\/catalog\/product_info.php?ref=87&amp;products_id=1977&amp;affiliate_banner_id=1\" target=\"_blank\"><img style=\"border: 0px;\" title=\"PB2 Powdered Peanut Butter (184g)\" alt=\"PB2 Powdered Peanut Butter (184g)\" src=\"http:\/\/www.thelowcarbgrocery.com\/catalog\/affiliate_show_banner.php?ref=87&amp;affiliate_pbanner_id=1977\" width=\"210\" height=\"210\" border=\"0\" \/><\/a><\/p>\n<p>Click here to purchase (American Shoppers):<\/p>\n<p>&nbsp;<\/p>\n<div style=\"width: 170px\" class=\"wp-caption alignnone\"><a href=\"http:\/\/www.amazon.com\/gp\/product\/B0098WV8F2\/ref=as_li_qf_sp_asin_il?ie=UTF8&amp;camp=1789&amp;creative=9325&amp;creativeASIN=B0098WV8F2&amp;linkCode=as2&amp;tag=wwwdrsaraso0c-20\"><img style=\"border: 0px;\" title=\"PB2 &amp; chocolate PB2\" alt=\"PB2 &amp; chocolate PB2\" src=\"http:\/\/ws.assoc-amazon.com\/widgets\/q?_encoding=UTF8&amp;ASIN=B0098WV8F2&amp;Format=_SL160_&amp;ID=AsinImage&amp;MarketPlace=US&amp;ServiceVersion=20070822&amp;WS=1&amp;tag=wwwdrsaraso0c-20\" width=\"160\" height=\"129\" border=\"0\" \/><\/a><p class=\"wp-caption-text\">amazon.com<\/p><\/div>\n<h1><img style=\"border: none !important; margin: 0px !important;\" alt=\"\" src=\"http:\/\/www.assoc-amazon.com\/e\/ir?t=wwwdrsaraso0c-20&amp;l=as2&amp;o=1&amp;a=B0098WV8F2\" width=\"1\" height=\"1\" border=\"0\" \/><span style=\"color: #ff0000;\">Video Taste Test and Review:<\/span><\/h1>\n<div class=\"myvideotag\" style=\"width: 560px;\"><iframe width=\"560\" height=\"315\" src=\"http:\/\/www.youtube.com\/embed\/6etvXLToSRE\" frameborder=\"0\" allowfullscreen><\/iframe><\/div>\n","excerpt":"<p>It&#8217;s no secret that peanut butter is high in fat calories. \u00a0If you are a peanut butter addict (like Sara is) and have a hard time exercising portion control, then PB2 Powdered Peanut Butter is for you! PB2 has the same consistency and taste as full fat peanut butter, minus the guilt! PB2 has\u00a0nearly 85% [&hellip;]<\/p>\n","date":"2012-07-06 04:04:02","modified":"2014-02-16 14:11:01","categories":[{"id":127,"slug":"online-grocery-shopping","title":"Online Grocery Shopping","description":"","parent":151,"post_count":2},{"id":151,"slug":"store","title":"Store","description":"","parent":0,"post_count":2}],"tags":[],"author":{"id":3,"slug":"sarasolomon","name":"Dr. Sara Solomon","first_name":"Sara","last_name":"Solomon","nickname":"Dr. Sara Solomon","url":"http:\/\/www.drsarasolomon.com","description":"Dr. Solomon is a practicing dentist (DMD) in Toronto, Canada, and holds a B.Sc in Physiotherapy. This certified personal trainer, spinning instructor, professional fitness model and cover girl is known around the world for <a href=\"http:\/\/www.drsarasolomon.com\/biography\">[read more]<\/a>"},"comments":[{"id":484,"name":"Miriam","url":"","date":"2012-10-02 16:14:02","content":"<p>Is there anywhere in Canada you can buy this? I&#8217;ve been looking for it everywhere!<\/p>\n","parent":0},{"id":510,"name":"sarasolomon","url":"http:\/\/www.drsarasolomon.com","date":"2012-10-04 09:45:45","content":"<p>Miriam &#8211; if you look at this post (where you commented) &#8211; you will see &#8220;for Canadian Shoppers&#8221; &#8211; click on the photo of the PB2 &#8211; and you will be directed to a Canadian grocery store that sells it!<\/p>\n","parent":484,"author":{"id":3,"slug":"sarasolomon","name":"Dr. Sara Solomon","first_name":"Sara","last_name":"Solomon","nickname":"Dr. Sara Solomon","url":"http:\/\/www.drsarasolomon.com","description":"Dr. Solomon is a practicing dentist (DMD) in Toronto, Canada, and holds a B.Sc in Physiotherapy. This certified personal trainer, spinning instructor, professional fitness model and cover girl is known around the world for <a href=\"http:\/\/www.drsarasolomon.com\/biography\">[read more]<\/a>"}}],"attachments":[{"id":4012,"url":"http:\/\/www.drsarasolomon.com\/wp-content\/uploads\/2012\/07\/pb21.jpg","slug":"pb2-2","title":"pb2","description":"","caption":"","parent":3793,"mime_type":"image\/jpeg","images":{"full":{"url":"http:\/\/www.drsarasolomon.com\/wp-content\/uploads\/2012\/07\/pb21.jpg","width":230,"height":242},"thumbnail":{"url":"http:\/\/www.drsarasolomon.com\/wp-content\/uploads\/2012\/07\/pb21-150x150.jpg","width":150,"height":150},"medium":{"url":"http:\/\/www.drsarasolomon.com\/wp-content\/uploads\/2012\/07\/pb21.jpg","width":230,"height":242},"large":{"url":"http:\/\/www.drsarasolomon.com\/wp-content\/uploads\/2012\/07\/pb21.jpg","width":230,"height":242},"slider":{"url":"http:\/\/www.drsarasolomon.com\/wp-content\/uploads\/2012\/07\/pb21.jpg","width":230,"height":242},"tabs":{"url":"http:\/\/www.drsarasolomon.com\/wp-content\/uploads\/2012\/07\/pb21.jpg","width":230,"height":242}}},{"id":4736,"url":"http:\/\/www.drsarasolomon.com\/wp-content\/uploads\/2012\/07\/pb22.jpg","slug":"pb2-3","title":"pb2","description":"","caption":"","parent":3793,"mime_type":"image\/jpeg","images":{"full":{"url":"http:\/\/www.drsarasolomon.com\/wp-content\/uploads\/2012\/07\/pb22.jpg","width":230,"height":242},"thumbnail":{"url":"http:\/\/www.drsarasolomon.com\/wp-content\/uploads\/2012\/07\/pb22-150x150.jpg","width":150,"height":150},"medium":{"url":"http:\/\/www.drsarasolomon.com\/wp-content\/uploads\/2012\/07\/pb22.jpg","width":230,"height":242},"large":{"url":"http:\/\/www.drsarasolomon.com\/wp-content\/uploads\/2012\/07\/pb22.jpg","width":230,"height":242},"home-bottom":{"url":"http:\/\/www.drsarasolomon.com\/wp-content\/uploads\/2012\/07\/pb22-230x150.jpg","width":230,"height":150},"slider":{"url":"http:\/\/www.drsarasolomon.com\/wp-content\/uploads\/2012\/07\/pb22.jpg","width":230,"height":242},"square":{"url":"http:\/\/www.drsarasolomon.com\/wp-content\/uploads\/2012\/07\/pb22-120x120.jpg","width":120,"height":120},"tabs":{"url":"http:\/\/www.drsarasolomon.com\/wp-content\/uploads\/2012\/07\/pb22.jpg","width":230,"height":242}}}],"comment_count":2,"comment_status":"open","thumbnail":"http:\/\/www.drsarasolomon.com\/wp-content\/uploads\/2012\/07\/pb22-150x150.jpg","custom_fields":{},"thumbnail_size":"thumbnail","thumbnail_images":{"full":{"url":"http:\/\/www.drsarasolomon.com\/wp-content\/uploads\/2012\/07\/pb22.jpg","width":230,"height":242},"thumbnail":{"url":"http:\/\/www.drsarasolomon.com\/wp-content\/uploads\/2012\/07\/pb22-150x150.jpg","width":150,"height":150},"medium":{"url":"http:\/\/www.drsarasolomon.com\/wp-content\/uploads\/2012\/07\/pb22.jpg","width":230,"height":242},"large":{"url":"http:\/\/www.drsarasolomon.com\/wp-content\/uploads\/2012\/07\/pb22.jpg","width":230,"height":242},"home-bottom":{"url":"http:\/\/www.drsarasolomon.com\/wp-content\/uploads\/2012\/07\/pb22-230x150.jpg","width":230,"height":150},"slider":{"url":"http:\/\/www.drsarasolomon.com\/wp-content\/uploads\/2012\/07\/pb22.jpg","width":230,"height":242},"square":{"url":"http:\/\/www.drsarasolomon.com\/wp-content\/uploads\/2012\/07\/pb22-120x120.jpg","width":120,"height":120},"tabs":{"url":"http:\/\/www.drsarasolomon.com\/wp-content\/uploads\/2012\/07\/pb22.jpg","width":230,"height":242}}},{"id":3788,"type":"post","slug":"shiraktaki-noodles","url":"http://www.amazon.com/gp/product/B0089S7U5S/ref=as_li_qf_sp_asin_il?ie=UTF8&camp=1789&creative=9325&creativeASIN=B0089S7U5S&linkCode=as2&tag=wwwdrsaraso0c-20","status":"publish","title":"Zero Calorie Pasta!","title_plain":"Zero Calorie Pasta!","content":"<p>Dr. Sara Solomon uses Miracle Noodles and Miracle Rice in many of her healthy recipes featured on drsarasolomon.com, such as:<\/p>\n<ul>\n<li><a href=\"http:\/\/www.drsarasolomon.com\/chocolate-miracle-rice-pudding\/\" target=\"_blank\">Chocolate Miracle Rice Pudding<\/a><\/li>\n<li><a href=\"http:\/\/www.drsarasolomon.com\/zero-calorie-dinner\/\" target=\"_blank\">Zero Calorie Tomato Risotto<\/a><\/li>\n<\/ul>\n<p>Information about Miracle Noodles and Miracle Rice:<\/p>\n<div>\n<ul>\n<li>calorie free<\/li>\n<li>carbohydrate free<\/li>\n<li>gluten free &amp; wheat free<\/li>\n<li>kosher<\/li>\n<li>made of a healthy natural soluble fiber called Glucomannan<\/li>\n<li>beneficial effects backed by medical studies for type II diabetes, constipation, obesity and cholesterol<\/li>\n<li>easily absorbs the flavours of any soup, dish or sauce<\/li>\n<li>no fat, no sugar, no starch<\/li>\n<li>are instant and come in a variety of styles<\/li>\n<li>eat them to stay thin!<\/li>\n<\/ul>\n<div style=\"text-align: center;\"><span style=\"color: #0000ff;\">American Shoppers: Please click on this photo:<\/span><\/div>\n<\/div>\n<p style=\"text-align: center;\"><span style=\"color: #0000ff;\"><a href=\"http:\/\/www.amazon.com\/gp\/product\/B0089S7U5S\/ref=as_li_qf_sp_asin_il?ie=UTF8&amp;camp=1789&amp;creative=9325&amp;creativeASIN=B0089S7U5S&amp;linkCode=as2&amp;tag=wwwdrsaraso0c-20\"><span style=\"color: #0000ff;\"><img style=\"border: 0px;\" title=\"Miracle Rice\" src=\"http:\/\/ws.assoc-amazon.com\/widgets\/q?_encoding=UTF8&amp;ASIN=B0089S7U5S&amp;Format=_SL160_&amp;ID=AsinImage&amp;MarketPlace=US&amp;ServiceVersion=20070822&amp;WS=1&amp;tag=wwwdrsaraso0c-20\" alt=\"Miracle Rice\" width=\"160\" height=\"160\" border=\"0\" \/><\/span><\/a><img style=\"border: none !important; margin: 0px !important;\" src=\"http:\/\/www.assoc-amazon.com\/e\/ir?t=wwwdrsaraso0c-20&amp;l=as2&amp;o=1&amp;a=B0089S7U5S\" alt=\"\" width=\"1\" height=\"1\" border=\"0\" \/><\/span><\/p>\n<p style=\"text-align: center;\"><span style=\"color: #0000ff;\">Canadian Shoppers: Please click on this photo:<\/span><\/p>\n<p><a href=\"http:\/\/www.thelowcarbgrocery.com\/catalog\/product_info.php?ref=87&amp;products_id=3567&amp;affiliate_banner_id=1\" target=\"_blank\"><img class=\"aligncenter\" style=\"border: 0px;\" title=\"Miracle Rice\" src=\"http:\/\/www.thelowcarbgrocery.com\/catalog\/affiliate_show_banner.php?ref=87&amp;affiliate_pbanner_id=3567\" alt=\"Miracle RICE- Rice Substitute (227g)\" width=\"162\" height=\"162\" border=\"0\" \/><\/a><\/p>\n","excerpt":"<p>Dr. Sara Solomon uses Miracle Noodles and Miracle Rice in many of her healthy recipes featured on drsarasolomon.com, such as: Chocolate Miracle Rice Pudding Zero Calorie Tomato Risotto Information about Miracle Noodles and Miracle Rice: calorie free carbohydrate free gluten free &amp; wheat free kosher made of a healthy natural soluble fiber called Glucomannan beneficial [&hellip;]<\/p>\n","date":"2012-07-06 03:59:47","modified":"2012-09-13 18:43:27","categories":[{"id":127,"slug":"online-grocery-shopping","title":"Online Grocery Shopping","description":"","parent":151,"post_count":2},{"id":151,"slug":"store","title":"Store","description":"","parent":0,"post_count":2}],"tags":[],"author":{"id":3,"slug":"sarasolomon","name":"Dr. Sara Solomon","first_name":"Sara","last_name":"Solomon","nickname":"Dr. Sara Solomon","url":"http:\/\/www.drsarasolomon.com","description":"Dr. Solomon is a practicing dentist (DMD) in Toronto, Canada, and holds a B.Sc in Physiotherapy. This certified personal trainer, spinning instructor, professional fitness model and cover girl is known around the world for <a href=\"http:\/\/www.drsarasolomon.com\/biography\">[read more]<\/a>"},"comments":[{"id":187,"name":"Natasha Wright","url":"","date":"2012-09-04 04:55:56","content":"<p>Hi,<br \/>\nDo you know if this is available in Europe?<br \/>\nMerci!<\/p>\n","parent":0},{"id":188,"name":"sarasolomon","url":"http:\/\/www.drsarasolomon.com","date":"2012-09-04 09:53:31","content":"<p>I&#8217;m not sure Natasha &#8211; did you try to google it?<\/p>\n","parent":187,"author":{"id":3,"slug":"sarasolomon","name":"Dr. Sara Solomon","first_name":"Sara","last_name":"Solomon","nickname":"Dr. Sara Solomon","url":"http:\/\/www.drsarasolomon.com","description":"Dr. Solomon is a practicing dentist (DMD) in Toronto, Canada, and holds a B.Sc in Physiotherapy. This certified personal trainer, spinning instructor, professional fitness model and cover girl is known around the world for <a href=\"http:\/\/www.drsarasolomon.com\/biography\">[read more]<\/a>"}},{"id":189,"name":"Rachel Stidson","url":"","date":"2012-09-04 10:26:11","content":"<p>Hi Natasha<\/p>\n<p>Don&#8217;t know where in Europe you are but Amazon.UK do it.<\/p>\n<p>Rachel<\/p>\n","parent":0},{"id":190,"name":"sarasolomon","url":"http:\/\/www.drsarasolomon.com","date":"2012-09-04 10:34:00","content":"<p>wonderbar!<\/p>\n","parent":189,"author":{"id":3,"slug":"sarasolomon","name":"Dr. Sara Solomon","first_name":"Sara","last_name":"Solomon","nickname":"Dr. Sara Solomon","url":"http:\/\/www.drsarasolomon.com","description":"Dr. Solomon is a practicing dentist (DMD) in Toronto, Canada, and holds a B.Sc in Physiotherapy. This certified personal trainer, spinning instructor, professional fitness model and cover girl is known around the world for <a href=\"http:\/\/www.drsarasolomon.com\/biography\">[read more]<\/a>"}}],"attachments":[{"id":4017,"url":"http:\/\/www.drsarasolomon.com\/wp-content\/uploads\/2012\/07\/Miracle-Rice1.jpg","slug":"miracle-rice-2","title":"Miracle Rice","description":"","caption":"","parent":3788,"mime_type":"image\/jpeg","images":{"full":{"url":"http:\/\/www.drsarasolomon.com\/wp-content\/uploads\/2012\/07\/Miracle-Rice1.jpg","width":300,"height":300},"thumbnail":{"url":"http:\/\/www.drsarasolomon.com\/wp-content\/uploads\/2012\/07\/Miracle-Rice1-150x150.jpg","width":150,"height":150},"medium":{"url":"http:\/\/www.drsarasolomon.com\/wp-content\/uploads\/2012\/07\/Miracle-Rice1.jpg","width":300,"height":300},"large":{"url":"http:\/\/www.drsarasolomon.com\/wp-content\/uploads\/2012\/07\/Miracle-Rice1.jpg","width":300,"height":300}}}],"comment_count":4,"comment_status":"open","thumbnail":"http:\/\/www.drsarasolomon.com\/wp-content\/uploads\/2012\/07\/Miracle-Rice1-150x150.jpg","custom_fields":{},"thumbnail_size":"thumbnail","thumbnail_images":{"full":{"url":"http:\/\/www.drsarasolomon.com\/wp-content\/uploads\/2012\/07\/Miracle-Rice1.jpg","width":300,"height":300},"thumbnail":{"url":"http:\/\/www.drsarasolomon.com\/wp-content\/uploads\/2012\/07\/Miracle-Rice1-150x150.jpg","width":150,"height":150},"medium":{"url":"http:\/\/www.drsarasolomon.com\/wp-content\/uploads\/2012\/07\/Miracle-Rice1.jpg","width":300,"height":300},"large":{"url":"http:\/\/www.drsarasolomon.com\/wp-content\/uploads\/2012\/07\/Miracle-Rice1.jpg","width":300,"height":300}}}]}